2026-08-01 09:10  già girato per 2026-08, esco (usa --force per rifare)
2026-08-02 07:45  già girato per 2026-08, esco (usa --force per rifare)
2026-08-02 23:38  già girato per 2026-08, esco (usa --force per rifare)
2026-08-03 00:45  già girato per 2026-08, esco (usa --force per rifare)
2026-08-03 07:12  già girato per 2026-08, esco (usa --force per rifare)
2026-08-03 23:44  lancio: /usr/local/bin/node scripts/ingest-etf-registry.mjs --commit
2026-08-03 23:48    | → xtrackers…
2026-08-03 23:48    |   xtrackers: 370 righe, 348 con benchmark  ✓
2026-08-03 23:48    | → spdr…
2026-08-03 23:48    |   spdr: 175 righe, 175 con benchmark  ✓
2026-08-03 23:48    | → ubs…
2026-08-03 23:48    |   ubs: 231 righe, 231 con benchmark  ✓
2026-08-03 23:48    | → jpm…
2026-08-03 23:48    |   jpm: 90 righe, 85 con benchmark  ✓
2026-08-03 23:48    | → lgim…
2026-08-03 23:48    |   lgim: 69 righe, 69 con benchmark  ✓
2026-08-03 23:48    | → 21shares…
2026-08-03 23:48    |   21shares: 58 righe, 0 con benchmark  ✓
2026-08-03 23:48    | 
2026-08-03 23:48    | Totale: 3188 righe, 3015 con benchmark, 1575 indici distinti
2026-08-03 23:48    | Snapshot righe: /var/folders/c5/hfxcrx6s13bgcmcbwkktz6yr0000gn/T/etf-registry-dry/registry-rows.json
2026-08-03 23:48    |   DB: 3188 righe upsertate
2026-08-03 23:48    |   memoria: 0 fotografie nuove per 2026-08 in etf_registry_history
2026-08-03 23:48    |   archivio: amundi-products.json già presente per 2026-08, non sovrascrivo
2026-08-03 23:48    |   archivio: ubs-etf-product-overview-it.xlsx già presente per 2026-08, non sovrascrivo
2026-08-03 23:48    |   archivio: jpm-etf.json già presente per 2026-08, non sovrascrivo
2026-08-03 23:48    |   archivio: lgim-fund-centre.json già presente per 2026-08, non sovrascrivo
2026-08-03 23:48    |   archivio: 21shares-product-list.html già presente per 2026-08, non sovrascrivo
2026-08-03 23:48    |   archivio: snapshot 2026-08 in /Users/ale/backups/rebalix-etf-registry-archivio/snapshots/2026-08
2026-08-03 23:48    | 
2026-08-03 23:48    | ✓ Ingest completato.
2026-08-03 23:48  esito: exit=0, emittenti ok=10/10
2026-08-04 00:20    |kid|   ✗ Amundi FR001400SDJ6: nessuna variante URL ha funzionato
2026-08-04 00:20    |kid|   ✗ Amundi FR001400SDK4: nessuna variante URL ha funzionato
2026-08-04 00:20    |kid|   ✗ Amundi FR001400SDL2: nessuna variante URL ha funzionato
2026-08-04 00:20    |kid| ✓ aggiornate 0 righe (kid_transaction_costs).
2026-08-04 01:04    |listings| ISIN nel registro: 3188, da elaborare: 3188
2026-08-04 01:04    |listings|   …100/3188 (vuoti 0, falliti 0)
2026-08-04 01:04    |listings|   ✗ FR0010446658: fetch failed
2026-08-04 07:35  !! tickers fallito (non blocca): Command '['/usr/local/bin/node', 'scripts/enrich-etf-tickers.mjs', '--commit']' timed out after 5400 seconds
2026-08-04 07:35  [heartbeat] inviato (200)
2026-08-05 08:14  già girato per 2026-08, esco (usa --force per rifare)
2026-08-06 23:13  già girato per 2026-08, esco (usa --force per rifare)
2026-08-07 15:34  lancio: /usr/local/bin/node scripts/ingest-etf-registry.mjs --commit
2026-08-07 15:38    |   ishares: 1405 righe, 1377 con benchmark  ✓
2026-08-07 15:38    | → vanguard…
2026-08-07 15:38    |   vanguard: 137 righe, 76 con benchmark  ✓
2026-08-07 15:38    | → amundi…
2026-08-07 15:38    |   amundi: 665 righe, 662 con benchmark  ✓
2026-08-07 15:38    | → xtrackers…
2026-08-07 15:38    |   xtrackers: 372 righe, 349 con benchmark  ✓
2026-08-07 15:38    | → spdr…
2026-08-07 15:38    |   spdr: 176 righe, 176 con benchmark  ✓
2026-08-07 15:38    | → ubs…
2026-08-07 15:38    |   ubs: SALTATO — file non trovato (usare --ubs <path>)
2026-08-07 15:38    | → jpm…
2026-08-07 15:38    |   ✗ jpm: p is not defined
2026-08-07 15:38    | → lgim…
2026-08-07 15:38    |   lgim: 70 righe, 70 con benchmark  ✓
2026-08-07 15:38    | → 21shares…
2026-08-07 15:38    |   21shares: 58 righe, 0 con benchmark  ✓
2026-08-07 15:38    | 
2026-08-07 15:38    | Totale: 2883 righe, 2710 con benchmark, 1357 indici distinti
2026-08-07 15:38    | Snapshot righe: /var/folders/c5/hfxcrx6s13bgcmcbwkktz6yr0000gn/T/etf-registry-dry/registry-rows.json
2026-08-07 15:38    | 
2026-08-07 15:38    | ⚠ PROBLEMI RILEVATI:
2026-08-07 15:38    |   · jpm: FALLITO — p is not defined
2026-08-07 15:38    | 
2026-08-07 15:38    | ✗ Con un emittente FALLITO non scrivo: il soft-delist marcherebbe centinaia di ISIN sani.
2026-08-07 15:38  esito: exit=1, emittenti ok=7/8
2026-08-07 15:38    |kid|   ✗ Amundi HK0000308285: nessuna variante URL ha funzionato
2026-08-07 15:38    |kid|   ✗ Amundi HK0000308293: nessuna variante URL ha funzionato
2026-08-07 15:38    |kid|   ✗ Xtrackers XS2595366340: nessuna variante URL ha funzionato
2026-08-07 15:38    |kid| ✓ aggiornate 0 righe (kid_transaction_costs).
2026-08-07 15:38    |classif|   iShares screener: 1414 classi
2026-08-07 15:38    |classif| aggiornate 0 righe (scritte)
2026-08-07 15:38    |classif| ATTESA regione azionaria: 100.0% (1494/1494)
2026-08-07 15:38    |classif| ✓ attese rispettate
2026-08-07 16:30    |listings| 
2026-08-07 16:30    |listings| Fatto: 2770 ISIN con listing, 435 senza documenti FIRDS, 0 falliti; 88883 righe scritte
2026-08-07 16:30    |listings| Listing non-attivi visti: 26938
2026-08-07 17:47    |series|   …175/370 (3 falliti)
2026-08-07 17:47    |series|   …200/370 (3 falliti)
2026-08-07 17:47    |series|   …225/370 (3 falliti)
2026-08-07 17:47    |series|   …250/370 (3 falliti)
2026-08-07 17:48    |distfreq|   ✗ LU0927735406: TypeError: fetch failed
2026-08-07 17:48    |distfreq| frequenze pronte: 676 — scritte (solo dove mancava): 0
2026-08-07 17:48    |lending| enrich-securities-lending — COMMIT
2026-08-07 17:48    |kidrisk| enrich-kid-risk — COMMIT
2026-08-07 17:48    |kidrisk|   Amundi SRRI dichiarati: 0
2026-08-07 17:48    |declared| enrich-declared-listings — COMMIT
2026-08-07 17:48    |venues| xetra: 4940 strumenti attivi con simbolo nel listino ufficiale
2026-08-07 17:48    |venues| righe gruppo-Xetra: 0 — aggiornate 0, già allineate 0, ISIN fuori listino 0
2026-08-07 17:48    |tickers| collaudo whitelist↔openfigi: 0 confronti, 0 divergenze (0%)
2026-08-07 17:48    |tickers| scritte 0 righe
2026-08-07 17:48    |tickers| mappa tarata salvata in /tmp/figi-mic-map.json
2026-08-07 17:59    |documents| SPDR: 175 fondi con documenti
2026-08-07 17:59    |documents| Amundi: 657 fondi con documenti
2026-08-07 20:59  !! doc-archive fallito (non blocca): Command '['/usr/local/bin/node', 'scripts/archive-etf-documents.mjs', '--commit']' timed out after 10800 seconds
2026-08-07 21:00    |motore| golden interni ✓ (Xeon ticker, CSPX completo, numerosità)
2026-08-07 21:00    |motore| COMMIT: 2625 righe in etf_search_rows
2026-08-07 21:00  [heartbeat] inviato (200)
2026-08-10 22:29  già girato per 2026-08, esco (usa --force per rifare)
2026-08-15 14:41  lancio: /usr/bin/node scripts/ingest-etf-registry.mjs --commit
2026-08-15 14:50    |   …invesco 200/294
2026-08-15 14:50    |   …invesco 250/294
2026-08-15 14:50    |   invesco: 294 righe, 294 con benchmark  ✓
2026-08-15 14:50    | 
2026-08-15 14:50    | Totale: 3279 righe, 3100 con benchmark, 1575 indici distinti
2026-08-15 14:50    | Snapshot righe: /tmp/etf-registry-dry/registry-rows.json
2026-08-15 14:50    |   aum_eur: 1956/1956 convertiti dai cambi BCE (GBP, USD, EUR, JPY, CHF, SEK, MXN, NZD, NOK, SGD, AUD, HKD)
2026-08-15 14:50    |   DB: 3279 righe upsertate
2026-08-15 14:50    |   memoria: 0 fotografie nuove per 2026-08 in etf_registry_history
2026-08-15 14:50    |   archivio: ishares-product-data.json già presente per 2026-08, non sovrascrivo
2026-08-15 14:50    |   archivio: ishares-product-list.xls già presente per 2026-08, non sovrascrivo
2026-08-15 14:50    |   archivio: vanguard-funds-graphql.json già presente per 2026-08, non sovrascrivo
2026-08-15 14:50    |   archivio: vanguard-pro.pdf già presente per 2026-08, non sovrascrivo
2026-08-15 14:50    |   archivio: amundi-products.json già presente per 2026-08, non sovrascrivo
2026-08-15 14:50    |   archivio: xtrackers-benchmarks.json già presente per 2026-08, non sovrascrivo
2026-08-15 14:50    |   archivio: xtrackers-sitemap.xml già presente per 2026-08, non sovrascrivo
2026-08-15 14:50    |   archivio: spdr-product-data.xlsx già presente per 2026-08, non sovrascrivo
2026-08-15 14:50    |   archivio: jpm-etf.json già presente per 2026-08, non sovrascrivo
2026-08-15 14:50    |   archivio: lgim-fund-centre.json già presente per 2026-08, non sovrascrivo
2026-08-15 14:50    |   archivio: 21shares-product-list.html già presente per 2026-08, non sovrascrivo
2026-08-15 14:50    |   archivio: invesco-solr-products.json già presente per 2026-08, non sovrascrivo
2026-08-15 14:50    |   archivio: invesco-products-listing.json già presente per 2026-08, non sovrascrivo
2026-08-15 14:50    |   archivio: snapshot 2026-08 in /home/rebalix/backups/rebalix-etf-registry-archivio/snapshots/2026-08
2026-08-15 14:50    | 
2026-08-15 14:50    | ✓ Ingest completato.
2026-08-15 14:50  esito: exit=0, emittenti ok=11/11
2026-08-15 14:50    |kid|   ✗ LGIM IE000MJ79846: nessuna variante URL ha funzionato
2026-08-15 14:50    |kid|   ✗ SPDR IE000P60WPS6: nessuna variante URL ha funzionato
2026-08-15 14:50    |kid|   ✗ Xtrackers LU3367672295: nessuna variante URL ha funzionato
2026-08-15 14:50    |kid| ✓ aggiornate 0 righe (kid_transaction_costs).
2026-08-15 14:50    |classif|   iShares screener: 1414 classi
2026-08-15 14:50    |classif| aggiornate 0 righe (scritte)
2026-08-15 14:50    |classif| ATTESA regione azionaria: 100.0% (1500/1500)
2026-08-15 14:50    |classif| ✓ attese rispettate
2026-08-15 15:37    |listings| 
2026-08-15 15:37    |listings| Fatto: 3070 ISIN con listing, 440 senza documenti FIRDS, 0 falliti; 99698 righe scritte
2026-08-15 15:37    |listings| Listing non-attivi visti: 29073
2026-08-15 16:57    |series|   Invesco: 282 serie ok, 2 falliti, 82 con serie benchmark (TD), 0 con composizione
2026-08-15 16:57    |series|   ⚠️  2 serie SCARTATE dal collaudo NAV:
2026-08-15 16:57    |series|      IE000WN3JW15: serie troppo corta dopo la pulizia (29 punti)
2026-08-15 16:57    |series|      IE00BD0Q9673: NAV 32.14034 alla data del registro (2026-08-15) vs 21.57982 dichiarato (49% di scarto)
2026-08-15 17:11    |distfreq|   Invesco dichiarate: 0
2026-08-15 17:11    |distfreq| frequenze pronte: 730 — scritte (solo dove mancava): 730
2026-08-15 17:45    |lending| prestito dichiarato: 23 — frase assente: 859 — KID non raggiunti: 9
2026-08-15 17:45    |lending| golden UBS ✓ (dichiara il prestito)
2026-08-15 17:51    |kidrisk| rischio estratto: 179 — KID letti senza numero: 202 — non raggiunti: 147
2026-08-15 17:51    |kidrisk| golden CSPX ✓ (rischio 4)
2026-08-15 18:40    |declared| aggiornati: 18 — azzerati (nessuna fonte): 0 — iShares non letti: 76
2026-08-15 18:40    |declared|   borse fuori mappa (tenute col nome originale): Bolsa De Valores De Colombia×41, Santiago Stock Exchange×98, Cboe Europe×47, Bolsa Institucional de Valores×59, BATS Chi-X Europe×4, Tel Aviv Stock Exchange×23
2026-08-15 18:40    |declared| golden ✓ MDAX=["SIX Zurigo","Xetra"] CSPX=["Bolsa De Valores De Colombia","Bolsa Mexicana","Borsa Italiana","Euronext Amsterdam","Londra (LSE)","SIX Zurigo","Santiago Stock Exchange","Tel Aviv Stock Exchange","Xetra"]
2026-08-15 18:41    |venues| xetra: 4942 strumenti attivi con simbolo nel listino ufficiale
2026-08-15 18:41    |venues| righe gruppo-Xetra: 4094 — aggiornate 976, già allineate 3118, ISIN fuori listino 0
2026-08-15 19:20    |tickers| collaudo whitelist↔openfigi: 18283 confronti, 497 divergenze (2.7%)
2026-08-15 19:20    |tickers| scritte 31285 righe
2026-08-15 19:20    |tickers| mappa tarata salvata in /tmp/figi-mic-map.json
2026-08-15 19:40  !! documents fallito (non blocca): Command '['/usr/bin/node', 'scripts/enrich-etf-documents.mjs', '--commit']' timed out after 1200 seconds
2026-08-15 22:26    |doc-archive|     non-PDF  https://jp.techrules.com/rebrandingPDF/LoadPdf.aspx?ShareClassId=16001&country=IT&lang=IT&paramMIFID=YES
2026-08-15 22:26    |doc-archive|     non-PDF  https://jp.techrules.com/rebrandingPDF/LoadPdf.aspx?ShareClassId=16000&country=IT&lang=IT&paramMIFID=YES
2026-08-15 22:28    |kid-objectives| extract-kid-objectives — COMMIT
2026-08-15 22:29    |td| enrich-tracking-difference — COMMIT
2026-08-15 22:32    |motore| build-motore-dataset — carico le fonti…
2026-08-15 22:36  !! AUDIT: anomalie DURE nelle serie appena ingerite - vedi righe |audit| sopra
2026-08-15 22:36  !! AUDIT-BENCH: esplosione di tick sporchi nei benchmark - vedi righe sopra
2026-08-15 22:36    |holdings-xtrackers| Xtrackers da lavorare: 0 (COMMIT)
2026-08-15 22:36    |holdings-xtrackers| 
2026-08-15 22:36    |holdings-xtrackers| esito: ok 0 · senza file 0 · falliti 0
2026-08-15 22:37    |holdings-spdr| SPDR da lavorare: 0 (COMMIT)
2026-08-15 22:37    |holdings-spdr| 
2026-08-15 22:37    |holdings-spdr| esito: ok 0 · senza file 0 · falliti 0
2026-08-15 22:37    |holdings-avantis| Avantis: 0 fondi (COMMIT)
2026-08-15 22:37    |holdings-avantis| 
2026-08-15 22:37    |holdings-avantis| esito: ok 0 · falliti 0
2026-08-15 22:37    |holdings-invesco| Invesco: 0 fondi (COMMIT)
2026-08-15 22:37    |holdings-invesco| 
2026-08-15 22:37    |holdings-invesco| esito: ok 0 · falliti 0
2026-08-15 22:38    |holdings-vanguard| 
2026-08-15 22:38    |holdings-vanguard| esito: ok 0 · falliti 0
2026-08-15 23:27  lancio: /usr/bin/node scripts/ingest-etf-registry.mjs --commit
2026-08-15 23:34    |   …invesco 200/294
2026-08-15 23:34    |   …invesco 250/294
2026-08-15 23:34    |   invesco: 294 righe, 294 con benchmark  ✓
2026-08-15 23:34    | 
2026-08-15 23:34    | Totale: 3279 righe, 3100 con benchmark, 1575 indici distinti
2026-08-15 23:34    | Snapshot righe: /tmp/etf-registry-dry/registry-rows.json
2026-08-15 23:34    |   aum_eur: 1956/1956 convertiti dai cambi BCE (GBP, USD, EUR, JPY, CHF, SEK, MXN, NZD, NOK, SGD, AUD, HKD)
2026-08-15 23:34    |   DB: 3279 righe upsertate
2026-08-15 23:34    |   memoria: 1 fotografie nuove per 2026-08 in etf_registry_history
2026-08-15 23:34    |   archivio: ishares-product-data.json già presente per 2026-08, non sovrascrivo
2026-08-15 23:34    |   archivio: ishares-product-list.xls già presente per 2026-08, non sovrascrivo
2026-08-15 23:34    |   archivio: vanguard-funds-graphql.json già presente per 2026-08, non sovrascrivo
2026-08-15 23:34    |   archivio: vanguard-pro.pdf già presente per 2026-08, non sovrascrivo
2026-08-15 23:34    |   archivio: amundi-products.json già presente per 2026-08, non sovrascrivo
2026-08-15 23:34    |   archivio: xtrackers-benchmarks.json già presente per 2026-08, non sovrascrivo
2026-08-15 23:34    |   archivio: xtrackers-sitemap.xml già presente per 2026-08, non sovrascrivo
2026-08-15 23:34    |   archivio: spdr-product-data.xlsx già presente per 2026-08, non sovrascrivo
2026-08-15 23:34    |   archivio: jpm-etf.json già presente per 2026-08, non sovrascrivo
2026-08-15 23:34    |   archivio: lgim-fund-centre.json già presente per 2026-08, non sovrascrivo
2026-08-15 23:34    |   archivio: 21shares-product-list.html già presente per 2026-08, non sovrascrivo
2026-08-15 23:34    |   archivio: invesco-solr-products.json già presente per 2026-08, non sovrascrivo
2026-08-15 23:34    |   archivio: invesco-products-listing.json già presente per 2026-08, non sovrascrivo
2026-08-15 23:34    |   archivio: snapshot 2026-08 in /home/rebalix/backups/rebalix-etf-registry-archivio/snapshots/2026-08
2026-08-15 23:34    | 
2026-08-15 23:34    | ✓ Ingest completato.
2026-08-15 23:34  esito: exit=0, emittenti ok=11/11
2026-08-15 23:35    |etc|   ✓ DE000A2UDH63 Xtrackers IE Physical Platinum EUR Hedged ETC Se — fee 0,73% EUR Metalli preziosi
2026-08-15 23:35    |etc|   ✓ DE000A1E0HS6 Xtrackers Physical Silver ETC (EUR) — fee 0,40% USD Metalli preziosi
2026-08-15 23:35    |etc|   ✓ CH1492505164 Xtrackers Galaxy MSCI Physical Crypto Market ETC — fee 0,65% USD DIGITAL ASSET
2026-08-15 23:35    |etc| Xtrackers ETC scritti: 18/18
2026-08-15 23:35    |kid|   ✗ Amundi HK0000308285: nessuna variante URL ha funzionato
2026-08-15 23:35    |kid|   ✗ Amundi HK0000308293: nessuna variante URL ha funzionato
2026-08-15 23:35    |kid|   ✗ JPMorgan IE000H0H26Q8: nessuna variante URL ha funzionato
2026-08-15 23:35    |kid| ✓ aggiornate 4 righe (kid_transaction_costs).
2026-08-15 23:35    |classif|   iShares screener: 1414 classi
2026-08-15 23:35    |classif| aggiornate 55 righe (scritte)
2026-08-15 23:35    |classif| ATTESA regione azionaria: 100.0% (1500/1500)
2026-08-15 23:35    |classif| ✓ attese rispettate
2026-08-16 00:22    |listings| 
2026-08-16 00:22    |listings| Fatto: 3087 ISIN con listing, 440 senza documenti FIRDS, 1 falliti; 100162 righe scritte
2026-08-16 00:22    |listings| Listing non-attivi visti: 29221
2026-08-16 00:25    |series|   serie dal DB: 1525
2026-08-16 00:25    |series|   serie dal DB: 2025
2026-08-16 00:25    |series|   serie dal DB: 2525
2026-08-16 00:25    |series|   cache serie riscritta: 2918 righe → /home/rebalix/cache/etf-series.json
2026-08-16 00:39    |distfreq|   Invesco dichiarate: 0
2026-08-16 00:39    |distfreq| frequenze pronte: 735 — scritte (solo dove mancava): 735
2026-08-16 01:09    |lending| prestito dichiarato: 2 — frase assente: 863 — KID non raggiunti: 4
2026-08-16 01:09    |lending| golden UBS ✓ (dichiara il prestito)
2026-08-16 01:13    |kidrisk| rischio estratto: 49 — KID letti senza numero: 203 — non raggiunti: 116
2026-08-16 01:13    |kidrisk| golden CSPX ✓ (rischio 4)
2026-08-16 02:00    |declared| aggiornati: 4 — azzerati (nessuna fonte): 0 — iShares non letti: 76
2026-08-16 02:00    |declared|   borse fuori mappa (tenute col nome originale): Bolsa De Valores De Colombia×41, Santiago Stock Exchange×98, Cboe Europe×47, Bolsa Institucional de Valores×59, BATS Chi-X Europe×4, Tel Aviv Stock Exchange×23
2026-08-16 02:00    |declared| golden ✓ MDAX=["SIX Zurigo","Xetra"] CSPX=["Bolsa De Valores De Colombia","Bolsa Mexicana","Borsa Italiana","Euronext Amsterdam","Londra (LSE)","SIX Zurigo","Santiago Stock Exchange","Tel Aviv Stock Exchange","Xetra"]
2026-08-16 02:00    |venues| enrich-venue-listings — COMMIT
2026-08-16 02:39    |tickers| collaudo whitelist↔openfigi: 18283 confronti, 497 divergenze (2.7%)
2026-08-16 02:39    |tickers| scritte 31294 righe
2026-08-16 02:39    |tickers| mappa tarata salvata in /tmp/figi-mic-map.json
2026-08-16 02:59  !! documents fallito (non blocca): Command '['/usr/bin/node', 'scripts/enrich-etf-documents.mjs', '--commit']' timed out after 1200 seconds
2026-08-16 05:38    |doc-archive|     non-PDF  https://jp.techrules.com/rebrandingPDF/LoadPdf.aspx?ShareClassId=16000&country=IT&lang=IT&paramMIFID=YES
2026-08-16 05:38    |doc-archive|     non raggiungibile  https://www.amundietf.it/pdfDocuments/prospectus/LU1650489385/DEU/DEU
2026-08-16 05:43    |kid-objectives| Invesco      ok  288/294 · EN ufficiale  288 (senza: 0)  marcatore inizio×1 · sezione corta×5
2026-08-16 05:43    |kid-objectives| JPMorgan     ok   95/95 · EN ufficiale   95 (senza: 0)  
2026-08-16 05:43    |kid-objectives| LGIM         ok   70/70 · EN ufficiale   67 (senza: 3)  en: lingua it ≠ kid_lang en×2
2026-08-16 05:43    |kid-objectives| SPDR         ok  176/176 · EN ufficiale  176 (senza: 0)  
2026-08-16 05:43    |kid-objectives| UBS          ok  231/231 · EN ufficiale  231 (senza: 0)  
2026-08-16 05:43    |kid-objectives| Vanguard     ok  137/137 · EN ufficiale  137 (senza: 0)  
2026-08-16 05:43    |kid-objectives| Xtrackers    ok  386/386 · EN ufficiale  386 (senza: 0)  
2026-08-16 05:43    |kid-objectives| iShares      ok  900/900 · EN ufficiale  900 (senza: 0)  
2026-08-16 05:43    |kid-objectives| 
2026-08-16 05:43    |kid-objectives| rapporto con campioni: /tmp/kid-objectives-report.json
2026-08-16 05:44    |td|   golden CSPX: TD 0.14 %/a (atteso -0.4…0.6)
2026-08-16 05:44    |td| golden TD ✓
2026-08-16 05:44    |td| COMMIT: 1290 td_1y scritte, 36 azzerate
2026-08-16 05:44    |motore| revalidate motore: HTTP 200
2026-08-16 05:44    |motore| revalidate emittenti: HTTP 200
2026-08-16 05:44    |audit| serie dalla cache (/home/rebalix/cache/etf-series.json, 2918 righe, età 5.3h)
2026-08-16 05:44    |audit| serie esaminate: 2918 · anomalie DURE: 1 · osservazioni morbide: 11
2026-08-16 05:44    |audit| 
2026-08-16 05:44    |audit| · FR0013346681  [monetario]  Amundi PEA Euro Court Terme UCITS ETF Acc
2026-08-16 05:44    |audit|     → volatilità 5% (soglia 4% per monetario)
2026-08-16 05:44    |audit| · IE0009W21NT4  [azionario]  UBS MSCI World Selection UCITS ETF hEUR acc
2026-08-16 05:44    |audit|     → buco di 146 giorni nella serie
2026-08-16 05:44    |audit| · IE000EPIJ442  [azionario]  UBS Solactive US Listed Gold & Silver Miners UCITS ETF 
2026-08-16 05:44    |audit|     → annualizzato 85%/a (soglia ±80% per azionario)
2026-08-16 05:44    |audit| · IE000PEAJOT0  [azionario]  Amundi MSCI USA ESG Selection UCITS ETF Acc
2026-08-16 05:44    |audit|     → buco di 60 giorni nella serie
2026-08-16 05:44    |audit| · IE000TG1LGI4  [azionario]  UBS MSCI World Selection UCITS ETF USD acc
2026-08-16 05:44    |audit|     → buco di 146 giorni nella serie
2026-08-16 05:44    |audit| · IE00B9MRHC27  [azionario]  Xtrackers Msci Nordic UCITS ETF 1d
2026-08-16 05:44    |audit|     → buco di 148 giorni nella serie
2026-08-16 05:44    |audit| · IE00BPVLQD13  [azionario]  Xtrackers Msci Japan Screened UCITS ETF 1d
2026-08-16 05:44    |audit|     → buco di 53 giorni nella serie
2026-08-16 05:44    |audit| · IE00BQWJFQ70  [multi-asset]  State Street® SPDR® Morningstar Multi-Asset Global Infr
2026-08-16 05:44    |audit|     → buco di 82 giorni nella serie
2026-08-16 05:44    |audit| · IE00BRB36B93  [azionario]  Xtrackers Msci Japan Screened UCITS ETF 3c Eur Hedged
2026-08-16 05:44    |audit|     → buco di 53 giorni nella serie
2026-08-16 05:44    |audit| · LU0290358497  [monetario]  Xtrackers Eur Overnight Rate Swap UCITS ETF 1c
2026-08-16 05:44    |audit|     → buco di 90 giorni nella serie
2026-08-16 05:44    |audit| · LU2109787635  [azionario]  Amundi MSCI EMU SRI Climate Paris Aligned UCITS ETF DR 
2026-08-16 05:44    |audit|     → buco di 60 giorni nella serie
2026-08-16 05:44    |audit| ‼ IE00BKS7L097  [azionario]  Invesco S&P 500 Scored & Screened UCITS ETF Acc
2026-08-16 05:44    |audit|     → tracking difference fuori scala (2023: 3.6 pp) — valuta serie/benchmark hedged/gradino da istruire, o aggiungere a tdQuarantena
2026-08-16 05:44  !! AUDIT: anomalie DURE nelle serie appena ingerite - vedi righe |audit| sopra
2026-08-16 05:45    |audit-bench|   DE0005933923  1 tick (0 ai confini)  es: 2011-05-09
2026-08-16 05:45    |audit-bench|   IE0005QL4147  1 tick (0 ai confini)  es: 2023-04-11
2026-08-16 05:45    |audit-bench|   IE000OHHIBC6  1 tick (0 ai confini)  es: 2025-03-31
2026-08-16 05:45    |audit-bench|   IE000V73IL86  1 tick (0 ai confini)  es: 2025-10-10
2026-08-16 05:45    |audit-bench|   IE00B0M63177  1 tick (0 ai confini)  es: 2025-03-31
2026-08-16 05:45    |audit-bench|   IE00B1YZSC51  1 tick (1 ai confini)  es: 2022-12-30
2026-08-16 05:50    |holdings-xtrackers|   ✗ LU3386643970 testata non trovata
2026-08-16 05:50    |holdings-xtrackers| 
2026-08-16 05:50    |holdings-xtrackers| esito: ok 370 · senza file 1 · falliti 1
2026-08-16 05:52    |holdings-spdr| SPDR da lavorare: 176 (COMMIT)
2026-08-16 05:52    |holdings-spdr| 
2026-08-16 05:52    |holdings-spdr| esito: ok 169 · senza file 7 · falliti 0
2026-08-16 05:53    |holdings-avantis| Avantis: 6 fondi (COMMIT)
2026-08-16 05:53    |holdings-avantis|   ✓ IE0003R87OG3 1744 pos · as_of 2026-08-14 · top: VIASAT INC COMMON STOCK USD.00 0.82%
2026-08-16 05:53    |holdings-avantis|   ✓ IE000K975W13 2936 pos · as_of 2026-08-14 · top: TAIWAN SEMICONDUCTOR MANUFAC C 4.91%
2026-08-16 05:53    |holdings-avantis|   ✓ IE000OW54ZX1 2199 pos · as_of 2026-08-14 · top: NVIDIA CORP COMMON STOCK USD.0 5.44%
2026-08-16 05:53    |holdings-avantis|   ✓ IE000RJECXS5 4195 pos · as_of 2026-08-14 · top: NVIDIA CORP COMMON STOCK USD.0 3.87%
2026-08-16 05:53    |holdings-avantis|   ✓ IE000SDFJUU0 1251 pos · as_of 2026-08-14 · top: ASML HOLDING NV NY REG SHS NY  3.28%
2026-08-16 05:53    |holdings-avantis|   ✓ IE000T62NEO6 1313 pos · as_of 2026-08-14 · top: BHP GROUP LTD SPON ADR ADR 2.85%
2026-08-16 05:53    |holdings-avantis| 
2026-08-16 05:53    |holdings-avantis| esito: ok 6 · falliti 0
2026-08-16 06:02    |holdings-invesco|   …275/285
2026-08-16 06:02    |holdings-invesco| 
2026-08-16 06:02    |holdings-invesco| esito: ok 285 · falliti 0
2026-08-16 06:02    |copertura|   · Xtrackers · replica: 0% (atteso: campo non censito)
2026-08-16 06:02    |copertura|   · JPMorgan · replica: 0% (atteso: campo non censito)
2026-08-16 06:02    |copertura|   · Vanguard · replica: 0% (atteso: campo non censito (backlog 4 ago))
2026-08-16 06:02    |copertura|   · LGIM · replica: 0% (atteso: campo non censito)
2026-08-16 06:02    |copertura| 
2026-08-16 06:02    |copertura| ✓ nessun buco di copertura non dichiarato
2026-08-16 06:07    |xetra| 
2026-08-16 06:07    |xetra| esito: TER trovati 348 · AUM trovati 405 · non quotati a Xetra 34 · falliti 0 · righe aggiornate 407
2026-08-16 06:07    |xetra| per emittente: {"Xtrackers":348,"LGIM":59}
2026-08-16 06:10    |holdings-vanguard| 
2026-08-16 06:10    |holdings-vanguard| esito: ok 78 · falliti 0
2026-08-16 06:10    |holdings-jpm| 
2026-08-16 06:10    |holdings-jpm| esito: ok 85 · senza pdf 3 · falliti 8
2026-08-16 06:10    |holdings-lgim| 
2026-08-16 06:10    |holdings-lgim| esito: ok 66 · senza pdf 3 · falliti 1
2026-08-16 06:11    |holdings-ubs| 
2026-08-16 06:11    |holdings-ubs| esito: ok 182 · senza pdf 3 · falliti 46
2026-08-16 06:12    |holdings-amundi| 
2026-08-16 06:12    |holdings-amundi| esito: ok 582 · senza pdf 56 · falliti 18
2026-08-16 06:12    |dividendi-vanguard| 
2026-08-16 06:12    |dividendi-vanguard| esito: ok 32 · senza distribuzioni 46 · falliti 0
2026-08-16 06:27    |dividendi-ishares| 
2026-08-16 06:27    |dividendi-ishares| esito: ok 352 · senza cedole 38 · falliti 0
2026-08-16 06:27    |dividendi-spdr| dalla più antica 2011-07-29 alla più recente 2026-08-03
2026-08-16 06:27    |dividendi-spdr| upsert completato: 1223 righe
2026-08-16 06:27    |dividendi-xtrackers| 
2026-08-16 06:27    |dividendi-xtrackers| esito: ok 0 (0 cedole) · senza tabella 0 · falliti 0
2026-08-16 06:28    |dividendi-amundi| 
2026-08-16 06:28    |dividendi-amundi| esito: ok 204 (1643 cedole) · senza stacchi 28 · falliti 0
2026-08-16 06:28    |dividendi-ubs| 
2026-08-16 06:28    |dividendi-ubs| esito: ok 81 (1635 cedole) · senza stacchi 0 · falliti 0
2026-08-16 06:28    |dividendi-borsaitaliana| 
2026-08-16 06:28    |dividendi-borsaitaliana| esito: ok 6 (293 cedole) · senza stacchi 81 · stacchi senza importo su BI 2 (scartati) · falliti 0 · coda fuori Milano 96
2026-08-16 06:29    |holdings-history| foto 2026-08-01 (COMMIT) · già presenti: 2495
2026-08-16 06:29    |holdings-history| esito: 2797 fondi letti · 302 fotografati
2026-08-16 06:29    |holdings-history| verifica: 2797 righe nella foto 2026-08-01
2026-08-16 06:29    |esma-mmf| registro ESMA MMF: 671 fondi
2026-08-16 06:29    |esma-mmf| ISIN dichiarati: 2166 · record senza ISIN (match per nome): 142
2026-08-16 06:29    |esma-mmf| 
2026-08-16 06:29    |esma-mmf| incroci col censimento: 4 (4 Authorised) → lib/esma-mmf.json
2026-08-16 06:29    |esma-mmf|   ✓ LU3178805456  Standard VNAV · Authorised · match isin  «AMUNDI INDEX SOLUTIONS - AMUNDI EUR CASH ACTIVE»
2026-08-16 06:29    |esma-mmf|   ✓ IE000SOORXS0  Short-term VNAV · Authorised · match nome  «Vanguard EUR Cash UCITS ETF»
2026-08-16 06:29    |esma-mmf|   ✓ IE000JJPY166  Short-term VNAV · Authorised · match nome  «iShares EUR Cash UCITS ETF»
2026-08-16 06:29    |esma-mmf|   ✓ IE000AFVKJZ0  Short-term VNAV · Authorised · match nome  «Vanguard EUR Cash UCITS ETF»
2026-08-16 06:29    |golden-esterno| ✓ SWDA    1a +23.4%|+23.3% · YTD +16.3%|+16.2% · MAX +670.9%|+670.5% · DD -33.9%|-33.9%
2026-08-16 06:29    |golden-esterno| ✓ VWCE    1a +24.8%|+24.6% · YTD +17.1%|+17.0% · MAX +136.2%|+135.9% · DD -33.5%|-33.5%
2026-08-16 06:29    |golden-esterno| ✓ VNGA60  1a +14.1%|+14.3% · YTD +9.4%|+9.6% · MAX +48.9%|+49.6% · DD -15.2%|-15.4%
2026-08-16 06:29    |golden-esterno| ✓ VAGF    1a -0.4%|-0.4% · YTD -1.0%|-0.9% · MAX -5.9%|-6.1% · DD -19.6%|-19.5%
2026-08-16 06:29    |golden-esterno| ✓ AGGH    1a -0.2%|+0.0% · YTD -0.8%|-0.6% · MAX -2.2%|-2.0% · DD -17.8%|-17.8%
2026-08-16 06:29    |golden-esterno| ✓ SGLN    1a +32.0%|+31.6% · YTD +3.5%|+3.2% · MAX +260.8%|+260.9% · DD -37.4%|-37.2%
2026-08-16 06:29    |golden-esterno| ✓ ORO-AM  1a +31.5%|+31.5% · YTD +3.3%|+3.3% · MAX +229.7%|+225.8% · DD -23.4%|-23.4%
2026-08-16 06:29    |golden-esterno| 
2026-08-16 06:29    |golden-esterno| golden esterno ✓ (metriche entro tolleranza sul roster)
2026-08-16 06:29  [heartbeat] inviato (200)
2026-08-20 08:51  già girato per 2026-08, esco (usa --force per rifare)
2026-08-20 08:54    |td-spdr| 
2026-08-20 08:54    |td-spdr| esito: TD dichiarate 141 · senza pagina 0 · pagina senza dati 35 · scritte 141
2026-08-20 08:54  !! td-spdr fallito (non blocca): name 'modules' is not defined
2026-08-20 23:30  già girato per 2026-08, esco (usa --force per rifare)
2026-08-20 23:33    |td-spdr| 
2026-08-20 23:33    |td-spdr| esito: TD dichiarate 141 · senza pagina 0 · pagina senza dati 35 · scritte 141
2026-08-20 23:33  !! td-spdr fallito (non blocca): name 'modules' is not defined
2026-08-21 00:24  lancio: /usr/bin/node scripts/ingest-etf-registry.mjs --commit
2026-08-21 00:43    | 
2026-08-21 00:43    | Totale: 3286 righe, 3104 con benchmark, 1576 indici distinti
2026-08-21 00:43    | Snapshot righe: /tmp/etf-registry-dry/registry-rows.json
2026-08-21 00:43    | 
2026-08-21 00:43    | ⚠ PROBLEMI RILEVATI:
2026-08-21 00:43    |   · vanguard: benchmark solo su 76/140 (attesi ≥ 55%)
2026-08-21 00:43    |   aum_eur: 1808/1808 convertiti dai cambi BCE (GBP, USD, EUR, JPY, CHF, SEK, MXN, NZD, NOK, SGD, AUD, HKD)
2026-08-21 00:43    |   DB: 3286 righe upsertate · guardia anti-cancellazione: conservati raw.bondMetricsSorella×26, aum_eur×590, aum×580, replication×1328, raw.sfdrFonte×2772, raw.tdNote×204, sfdr×688, raw.docNote×71, ter×430, distribution_policy×457, aum_currency×428, aum_as_of×428, srri×370, domicile×372, inception_date×430, asset_class×711, raw.politicaFonte×26, benchmark_raw×63 (il feed diceva null, la tabella aveva un valore)
2026-08-21 00:43    |   memoria: 7 fotografie nuove per 2026-08 in etf_registry_history
2026-08-21 00:43    |   archivio: ishares-product-data.json già presente per 2026-08, non sovrascrivo
2026-08-21 00:43    |   archivio: ishares-product-list.xls già presente per 2026-08, non sovrascrivo
2026-08-21 00:43    |   archivio: vanguard-funds-graphql.json già presente per 2026-08, non sovrascrivo
2026-08-21 00:43    |   archivio: vanguard-pro.pdf già presente per 2026-08, non sovrascrivo
2026-08-21 00:43    |   archivio: amundi-products.json già presente per 2026-08, non sovrascrivo
2026-08-21 00:43    |   archivio: xtrackers-benchmarks.json già presente per 2026-08, non sovrascrivo
2026-08-21 00:43    |   archivio: xtrackers-sitemap.xml già presente per 2026-08, non sovrascrivo
2026-08-21 00:43    |   archivio: spdr-product-data.xlsx già presente per 2026-08, non sovrascrivo
2026-08-21 00:43    |   archivio: jpm-etf.json già presente per 2026-08, non sovrascrivo
2026-08-21 00:43    |   archivio: lgim-fund-centre.json già presente per 2026-08, non sovrascrivo
2026-08-21 00:43    |   archivio: 21shares-product-list.html già presente per 2026-08, non sovrascrivo
2026-08-21 00:43    |   archivio: invesco-solr-products.json già presente per 2026-08, non sovrascrivo
2026-08-21 00:43    |   archivio: invesco-products-listing.json già presente per 2026-08, non sovrascrivo
2026-08-21 00:43    |   archivio: snapshot 2026-08 in /home/rebalix/backups/rebalix-etf-registry-archivio/snapshots/2026-08
2026-08-21 00:43    | 
2026-08-21 00:43    | ✓ Ingest completato.
2026-08-21 00:43  esito: exit=0, emittenti ok=11/11
2026-08-21 00:44    |etc|   ✓ DE000A2UDH63 Xtrackers IE Physical Platinum EUR Hedged ETC Se — fee 0,73% EUR Metalli preziosi
2026-08-21 00:44    |etc|   ✓ DE000A1E0HS6 Xtrackers Physical Silver ETC (EUR) — fee 0,40% USD Metalli preziosi
2026-08-21 00:44    |etc|   ✓ CH1492505164 Xtrackers Galaxy MSCI Physical Crypto Market ETC — fee 0,65% USD DIGITAL ASSET
2026-08-21 00:44    |etc| Xtrackers ETC scritti: 18/18
2026-08-21 00:44    |kid|   ✗ Xtrackers IE0000QMH1B4: nessuna variante URL ha funzionato
2026-08-21 00:44    |kid|   ✗ Xtrackers IE000G5ERG83: nessuna variante URL ha funzionato
2026-08-21 00:44    |kid|   ✗ Xtrackers IE000I687JU4: nessuna variante URL ha funzionato
2026-08-21 00:44    |kid| ✓ aggiornate 8 righe (kid_transaction_costs).
2026-08-21 00:45    |classif|   orfano → regione: Invesco IE00BK63RN45 «MSCI Kuwait 20/35 Index»
2026-08-21 00:45    |classif|   orfano → regione: Invesco IE00BZ4BMM98 «EURO iSTOXX High Dividend Low Volitility 50 NTR Index»
2026-08-21 00:45    |classif| ATTESA regione azionaria: 98.9% (1653/1672)
2026-08-21 00:45    |classif| ✗ ATTESA VIOLATA: regione azionaria sotto il 99% — decidere i nuovi orfani prima di pubblicare
2026-08-21 01:30    |listings| 
2026-08-21 01:30    |listings| Fatto: 3092 ISIN con listing, 443 senza documenti FIRDS, 0 falliti; 100314 righe scritte
2026-08-21 01:30    |listings| Listing non-attivi visti: 29239
2026-08-21 01:33    |series|   serie dal DB: 2025
2026-08-21 01:33    |series|   serie dal DB: 2525
2026-08-21 01:33    |series|   serie dal DB: 3021
2026-08-21 01:33    |series|   cache serie riscritta: 3021 righe → /home/rebalix/cache/etf-series.json
2026-08-21 02:39    |bench-ishares|   ✗ IE00014E9P24 pagina: HTTP 404
2026-08-21 02:39    |bench-ishares| 
2026-08-21 02:39    |bench-ishares| esito: bench dalla pagina 0 · senza pagina/ajax 121 · pagina senza bench 27 · discordi 0 · hedged saltate 123 · scritte 0
2026-08-21 02:45    |bench-invesco|   golden IE00B3YCGJ38: indice file 12m 21.61 vs rolling 21.61 → ✓
2026-08-21 02:45    |bench-invesco| 
2026-08-21 02:45    |bench-invesco| esito: indice dal rolling 0 · senza indice 22 · falliti 0 · discordi 0 · hedged saltate 45 · scritte 0
2026-08-21 02:59    |distfreq|   Invesco dichiarate: 0
2026-08-21 02:59    |distfreq| frequenze pronte: 730 — scritte (solo dove mancava): 730
2026-08-21 03:29    |lending| prestito dichiarato: 8 — frase assente: 861 — KID non raggiunti: 4
2026-08-21 03:29    |lending| golden UBS ✓ (dichiara il prestito)
2026-08-21 03:33    |kidrisk| rischio estratto: 9 — KID letti senza numero: 203 — non raggiunti: 115
2026-08-21 03:33    |kidrisk| golden CSPX ✓ (rischio 4)
2026-08-21 04:23    |declared| aggiornati: 5 — azzerati (nessuna fonte): 0 — iShares non letti: 76
2026-08-21 04:23    |declared|   borse fuori mappa (tenute col nome originale): Bolsa De Valores De Colombia×41, Santiago Stock Exchange×98, Cboe Europe×47, Bolsa Institucional de Valores×59, BATS Chi-X Europe×4, Tel Aviv Stock Exchange×23
2026-08-21 04:23    |declared| golden ✓ MDAX=["SIX Zurigo","Xetra"] CSPX=["Bolsa De Valores De Colombia","Bolsa Mexicana","Borsa Italiana","Euronext Amsterdam","Londra (LSE)","SIX Zurigo","Santiago Stock Exchange","Tel Aviv Stock Exchange","Xetra"]
2026-08-21 04:26    |venues|   CH1468906669/XETA: FLEX → FLEY
2026-08-21 04:26    |venues|   CH1468906669/XETU: FLEX → FLEY
2026-08-21 05:04    |tickers| collaudo whitelist↔openfigi: 18286 confronti, 497 divergenze (2.7%)
2026-08-21 05:04    |tickers| scritte 31348 righe
2026-08-21 05:04    |tickers| mappa tarata salvata in /tmp/figi-mic-map.json
2026-08-21 05:34    |documents|   lingueMancanti: 168 slot con lingua non-madre da ricontrollare
2026-08-21 05:34    |documents| LingueMancanti: 0 fondi con documenti (71s)
2026-08-21 08:26    |doc-archive|   ✗ 1× www.amundietf.it · non raggiungibile
2026-08-21 08:26    |doc-archive|     non raggiungibile  https://www.amundietf.it/pdfDocuments/kid-priips/LU1686831030/ITA/ITA
2026-08-21 08:31    |kid-objectives| Invesco      ok  288/294 · EN ufficiale  288 (senza: 0)  marcatore inizio×1 · sezione corta×5
2026-08-21 08:31    |kid-objectives| JPMorgan     ok   96/96 · EN ufficiale   96 (senza: 0)  
2026-08-21 08:31    |kid-objectives| LGIM         ok   70/70 · EN ufficiale   67 (senza: 3)  en: lingua it ≠ kid_lang en×2
2026-08-21 08:31    |kid-objectives| SPDR         ok  176/176 · EN ufficiale  176 (senza: 0)  
2026-08-21 08:31    |kid-objectives| UBS          ok  231/231 · EN ufficiale  231 (senza: 0)  
2026-08-21 08:31    |kid-objectives| Vanguard     ok  140/140 · EN ufficiale  137 (senza: 3)  
2026-08-21 08:31    |kid-objectives| Xtrackers    ok  394/394 · EN ufficiale  394 (senza: 0)  
2026-08-21 08:31    |kid-objectives| iShares      ok  900/900 · EN ufficiale  900 (senza: 0)  
2026-08-21 08:31    |kid-objectives| 
2026-08-21 08:31    |kid-objectives| rapporto con campioni: /tmp/kid-objectives-report.json
2026-08-21 08:32    |gestione|    Amundi    HK0000286812 Amundi Hang Seng HK 35 Index ETF - Counter RMB
2026-08-21 08:32    |gestione|    Amundi    HK0000308285 Amundi FTSE China A50 Index ETF - Counter RMB
2026-08-21 08:32    |gestione|    Amundi    HK0000308293 Amundi FTSE China A50 Index ETF - Counter HKD
2026-08-21 08:32    |gestione| 
2026-08-21 08:32    |gestione| golden ✓ (gestione 10/10, replica di riserva 4/4)
2026-08-21 08:32    |gestione| sentinella «Active» nel nome: nessun orfano ✓
2026-08-21 08:32    |gestione| 
2026-08-21 08:32    |gestione| DB: 1383 righe aggiornate, 0 errori
2026-08-21 09:08    |bond-metrics|   ✓ golden IE00049TNTV6 (JPMorgan) dur=6.74 media as_of=2026-07-31 rating=6 scad=0
2026-08-21 09:08    |bond-metrics|   ✓ golden IE0007EH5UK6 (LGIM) dur=4.31 modificata as_of=2026-06-30 rating=9 scad=8
2026-08-21 09:08    |bond-metrics|   ℹ golden LU0721552973: documento più recente (2026-07-31 ≠ 2026-06-30) → confronto duration saltato (3.47)
2026-08-21 09:08    |bond-metrics|   ✓ golden LU0721552973 (UBS) dur=3.47 modificata as_of=2026-07-31 rating=0 scad=0
2026-08-21 09:08    |bond-metrics|   ✓ golden LU1285959885 (Amundi) dur=6.64 modificata as_of=2026-06-30 rating=5 scad=8
2026-08-21 09:08    |bond-metrics|   ℹ golden IE0003HUCA83: documento più recente (2026-07-31 ≠ 2026-06-30) → confronto duration saltato (6.5)
2026-08-21 09:08    |bond-metrics|   ✓ golden IE0003HUCA83 (Vanguard) dur=6.5 media as_of=2026-07-31 rating=5 scad=7
2026-08-21 09:08    |bond-metrics|   ✓ golden IE0002OP0LA0 (SPDR) dur=2.75 effettiva as_of=2026-07-31 rating=3 scad=5
2026-08-21 09:08    |bond-metrics|   ✓ golden IE0004KLW911 (Xtrackers) dur=6.7 modificata as_of=2026-08-19 rating=0 scad=8
2026-08-21 09:08    |bond-metrics|   ✓ golden IE00004FVB93 (iShares) dur=1.71 effettiva as_of=2026-08-19 rating=5 scad=3
2026-08-21 09:08    |bond-metrics|   ✓ golden IE000ZWSN3F7 (Invesco) dur=3.03 effettiva as_of=2026-07-31 rating=8 scad=7
2026-08-21 09:08    |bond-metrics| golden: 9/9
2026-08-21 09:08    |bond-metrics| scritte 1032 righe, errori 0
2026-08-21 09:08    |bond-metrics| revalidate schede: HTTP 200
2026-08-21 09:09    |bond-metrics-sorelle| COMMIT: da scrivere 0 · gruppi discordi 0
2026-08-21 09:09    |bond-metrics-sorelle| scritte 0
2026-08-21 09:10    |td| golden TD ✓
2026-08-21 09:10    |td| COMMIT: 1920 td_1y scritte, 10 azzerate · motivi del trattino: 50 scritti, 0 tolti
2026-08-21 09:10    |td| coperte ritirate per |TD|≥2 (indice non coperto nel feed): 46 — es. Xtrackers IE00028H9QJ8 TD=-2.22 · Xtrackers IE0002EI5AG0 TD=-2.66 · Xtrackers IE000IDLWOL4 TD=-2.64 · UBS IE000JHYO4T6 TD=-2.93 · Amundi IE000KTD59H4 TD=2.30 · iShares IE000QZ7JON9 TD=-2.59
2026-08-21 09:13    |td-spdr| 
2026-08-21 09:13    |td-spdr| esito: TD dichiarate 141 · senza pagina 0 · pagina senza dati 35 · scritte 141
2026-08-21 09:13    |kid-xtrackers| esito: 5 fondi da scrivere · senza KID in archivio 0 · KID senza TER leggibile 18 · senza politica 26 · TER: {"<0,10":4,"0,10-0,30":1} · policy: Acc 2 / Dist 2
2026-08-21 09:13    |kid-xtrackers| COMMIT: 5 righe aggiornate
2026-08-21 09:13    |kid-politica|   · 21Shares CH1102728750 21shares Cardano ETP
2026-08-21 09:13    |kid-politica| COMMIT: 0 righe aggiornate
2026-08-21 09:13    |factsheet-aum| somma AUM letta: € 1.1 mld · massimo: 668.512.970
2026-08-21 09:13    |factsheet-aum| COMMIT: 7 righe aggiornate
2026-08-21 09:13    |21shares-anagrafica| 21Shares: 58 righe · da lavorare 58 (COMMIT)
2026-08-21 09:13    |21shares-anagrafica| esito: benchmark 0 · kid_url IT 0 · factsheet 0 · righe aggiornate 0
2026-08-21 09:15    |xtrackers-pdp| letti: inception 4 · domicilio 4 · srri 3 · aum 4 · indice 0 · sottostante ETC 0 · ter 0 · aum ETC 0 | vuoti 0 · errori 0 · da scrivere 4
2026-08-21 09:15    |xtrackers-pdp| scritte 4/4
2026-08-21 09:17    |21shares-inception| lette 58 · non trovate 0 · da scrivere 0
2026-08-21 09:17    |21shares-inception| scritte 0/0
2026-08-21 09:18    |sfdr-da-kid|   Xtrackers  8=0 9=0 6-dedotto=4 etc=0
2026-08-21 09:18    |sfdr-da-kid| scritte 587/587
2026-08-21 09:18    |sfdr-da-prospetto| note «non pubblicato dall'emittente» da scrivere: 0
2026-08-21 09:18    |sfdr-da-prospetto| scritte 3/3 · note 0/0
2026-08-21 09:18    |sfdr-normalizza| righe da riscrivere: 488
2026-08-21 09:18    |sfdr-normalizza| scritte 488/488
2026-08-21 09:18    |21shares-ter| 
2026-08-21 09:18    |21shares-ter| esito: TER letti 0 · senza KID 0 · KID senza costo 0 · scritte 0
2026-08-21 09:22    |doc-langs| esito: 3031 fondi con lingua rilevata · KID non-it: 175 · factsheet non-it: 530
2026-08-21 09:22    |doc-langs| colonne _en riempite dal primario inglese: 0
2026-08-21 09:22    |replica-from-kid|   IE000H0H26Q8 (JPMorgan) → Gestione attiva (dal KID)  [«…gestione attiva…»]
2026-08-21 09:22    |replica-from-kid|   IE000I687JU4 (Xtrackers) → Fisica (dal KID)  [«…acquistando tutti o un numero considerevole di titoli…»]
2026-08-21 09:23    |motore| revalidate motore: HTTP 200
2026-08-21 09:23    |motore| revalidate emittenti: HTTP 200
2026-08-21 09:23    |completezza| 
2026-08-21 09:23    |completezza| eccezioni DICHIARATE (non contano): ticker×23 · replica×118 · indice×56 · gestione×93 · factsheet×87 · bond_metrics×45 · classe×58 · domicilio×58 · politica×61 · aum×4
2026-08-21 09:23    |completezza| [heartbeat] etf-completezza inviato (200)
2026-08-21 09:23    |audit| serie dalla cache (/home/rebalix/cache/etf-series.json, 3021 righe, età 7.8h)
2026-08-21 09:23    |audit| serie esaminate: 3021 · anomalie DURE: 0 · osservazioni morbide: 16 · benchmark fermi: 22 (attesi ≤ 35)
2026-08-21 09:23    |audit| 
2026-08-21 09:23    |audit| · FR0013346681  [monetario]  Amundi PEA Euro Court Terme UCITS ETF Acc
2026-08-21 09:23    |audit|     → volatilità 5% (soglia 4% per monetario)
2026-08-21 09:23    |audit| · IE0009W21NT4  [azionario]  UBS MSCI World Selection UCITS ETF hEUR acc
2026-08-21 09:23    |audit|     → buco di 146 giorni nella serie
2026-08-21 09:23    |audit| · IE000EPIJ442  [azionario]  UBS Solactive US Listed Gold & Silver Miners UCITS ETF 
2026-08-21 09:23    |audit|     → annualizzato 96%/a (soglia ±80% per azionario)
2026-08-21 09:23    |audit| · IE000PEAJOT0  [azionario]  Amundi MSCI USA ESG Selection UCITS ETF Acc
2026-08-21 09:23    |audit|     → buco di 60 giorni nella serie
2026-08-21 09:23    |audit| · IE000TG1LGI4  [azionario]  UBS MSCI World Selection UCITS ETF USD acc
2026-08-21 09:23    |audit|     → buco di 146 giorni nella serie
2026-08-21 09:23    |audit| · IE00B9MRHC27  [azionario]  Xtrackers Msci Nordic UCITS ETF 1d
2026-08-21 09:23    |audit|     → buco di 148 giorni nella serie
2026-08-21 09:23    |audit| · IE00BPVLQD13  [azionario]  Xtrackers Msci Japan Screened UCITS ETF 1d
2026-08-21 09:23    |audit|     → buco di 53 giorni nella serie
2026-08-21 09:23    |audit| · IE00BQWJFQ70  [multi-asset]  State Street® SPDR® Morningstar Multi-Asset Global Infr
2026-08-21 09:23    |audit|     → buco di 82 giorni nella serie
2026-08-21 09:23    |audit| · IE00BRB36B93  [azionario]  Xtrackers Msci Japan Screened UCITS ETF 3c Eur Hedged
2026-08-21 09:23    |audit|     → buco di 53 giorni nella serie
2026-08-21 09:23    |audit| · LU0290358497  [monetario]  Xtrackers Eur Overnight Rate Swap UCITS ETF 1c
2026-08-21 09:23    |audit|     → buco di 90 giorni nella serie
2026-08-21 09:23    |audit| · LU2109787635  [azionario]  Amundi MSCI EMU SRI Climate Paris Aligned UCITS ETF DR 
2026-08-21 09:23    |audit|     → buco di 60 giorni nella serie
2026-08-21 09:23    |audit| · IE00BDFGJ734  [obbligazionario]  iShares J.P. Morgan $ EM Bond UCITS ETF
2026-08-21 09:23    |audit|     → benchmark fermo: indice dell'emittente fino al 2019-10-14 (NAV fino al 2026-08-19) — TD e confronto non pubblicati
2026-08-21 09:23    |audit| · IE00BDFGJ841  [obbligazionario]  iShares US Aggregate Bond UCITS ETF
2026-08-21 09:23    |audit|     → benchmark fermo: indice dell'emittente fino al 2019-10-14 (NAV fino al 2026-08-19) — TD e confronto non pubblicati
2026-08-21 09:23    |audit| · IE00BDFJYL11  [obbligazionario]  iShares $ High Yield Corp Bond UCITS ETF
2026-08-21 09:23    |audit|     → benchmark fermo: indice dell'emittente fino al 2019-10-14 (NAV fino al 2026-08-19) — TD e confronto non pubblicati
2026-08-21 09:23    |audit| · IE00BDFJYM28  [obbligazionario]  iShares US Aggregate Bond UCITS ETF
2026-08-21 09:23    |audit|     → benchmark fermo: indice dell'emittente fino al 2019-10-14 (NAV fino al 2026-08-19) — TD e confronto non pubblicati
2026-08-21 09:23    |audit| · IE00BDFJYN35  [obbligazionario]  iShares Core € Corp Bond UCITS ETF
2026-08-21 09:23    |audit|     → benchmark fermo: indice dell'emittente fino al 2019-10-14 (NAV fino al 2026-08-19) — TD e confronto non pubblicati
2026-08-21 09:23    |audit-bench|   DE0005933923  1 tick (0 ai confini)  es: 2011-05-09
2026-08-21 09:23    |audit-bench|   IE0005QL4147  1 tick (0 ai confini)  es: 2023-04-11
2026-08-21 09:23    |audit-bench|   IE000OHHIBC6  1 tick (0 ai confini)  es: 2025-03-31
2026-08-21 09:23    |audit-bench|   IE000V73IL86  1 tick (0 ai confini)  es: 2025-10-10
2026-08-21 09:23    |audit-bench|   IE00B0M63177  1 tick (0 ai confini)  es: 2025-03-31
2026-08-21 09:23    |audit-bench|   IE00B1YZSC51  1 tick (1 ai confini)  es: 2022-12-30
2026-08-21 09:29    |holdings-xtrackers|   ✗ LU3386643970 testata non trovata
2026-08-21 09:29    |holdings-xtrackers| 
2026-08-21 09:29    |holdings-xtrackers| esito: ok 374 · senza file 1 · falliti 1
2026-08-21 09:32    |holdings-spdr| SPDR da lavorare: 176 (COMMIT)
2026-08-21 09:32    |holdings-spdr| 
2026-08-21 09:32    |holdings-spdr| esito: ok 169 · senza file 7 · falliti 0
2026-08-21 09:32    |holdings-avantis| Avantis: 6 fondi (COMMIT)
2026-08-21 09:32    |holdings-avantis|   ✓ IE0003R87OG3 1781 pos · as_of 2026-08-20 · top: SM ENERGY CO COMMON STOCK USD. 0.89%
2026-08-21 09:32    |holdings-avantis|   ✓ IE000K975W13 2942 pos · as_of 2026-08-20 · top: SK HYNIX INC COMMON STOCK KRW5 5.06%
2026-08-21 09:32    |holdings-avantis|   ✓ IE000OW54ZX1 2206 pos · as_of 2026-08-20 · top: NVIDIA CORP COMMON STOCK USD.0 5.48%
2026-08-21 09:32    |holdings-avantis|   ✓ IE000RJECXS5 4230 pos · as_of 2026-08-20 · top: NVIDIA CORP COMMON STOCK USD.0 3.77%
2026-08-21 09:32    |holdings-avantis|   ✓ IE000SDFJUU0 1251 pos · as_of 2026-08-20 · top: ASML HOLDING NV NY REG SHS NY  3.1%
2026-08-21 09:32    |holdings-avantis|   ✓ IE000T62NEO6 1313 pos · as_of 2026-08-20 · top: BHP GROUP LTD SPON ADR ADR 3.13%
2026-08-21 09:32    |holdings-avantis| 
2026-08-21 09:32    |holdings-avantis| esito: ok 6 · falliti 0
2026-08-21 09:55    |holdings-invesco|   …275/285
2026-08-21 09:55    |holdings-invesco| 
2026-08-21 09:55    |holdings-invesco| esito: ok 283 · falliti 2
2026-08-21 09:55    |copertura|   · JPMorgan · TD 1 anno: 0% (atteso: niente serie-indice nel feed JPM)
2026-08-21 09:55    |copertura|   · LGIM · TD 1 anno: 0% (atteso: niente serie-indice nel feed LGIM)
2026-08-21 09:55    |copertura|   · Avantis · TD 1 anno: 0% (atteso: attivi: TD non pertinente)
2026-08-21 09:55    |copertura| 
2026-08-21 09:55    |copertura| !! BUCHI DI COPERTURA NON DICHIARATI: 1
2026-08-21 09:55    |copertura|   ✗ LGIM · freq. distribuzione (Dist): 0% mentre la mediana degli emittenti è 98% — modulo mai lanciato o ricetta mancante?
2026-08-21 09:55    |xetra| 
2026-08-21 09:55    |xetra| esito: TER trovati 0 · AUM trovati 5 · non quotati a Xetra 5 · falliti 0 · righe aggiornate 5
2026-08-21 09:55    |xetra| per emittente: {"LGIM":2,"Xtrackers":3}
2026-08-21 09:58    |holdings-vanguard| 
2026-08-21 09:58    |holdings-vanguard| esito: ok 78 · falliti 3
2026-08-21 09:59    |holdings-jpm| 
2026-08-21 09:59    |holdings-jpm| esito: ok 96 · senza posizioni 0 · falliti 0
2026-08-21 09:59    |holdings-lgim| 
2026-08-21 09:59    |holdings-lgim| esito: ok 66 · senza pdf 3 · falliti 1
2026-08-21 10:00    |holdings-ubs| 
2026-08-21 10:00    |holdings-ubs| esito: ok 170 · senza pdf 3 · falliti 58
2026-08-21 10:01    |holdings-amundi| 
2026-08-21 10:01    |holdings-amundi| esito: ok 585 · senza pdf 53 · falliti 18
2026-08-21 10:01    |dividendi-vanguard| 
2026-08-21 10:01    |dividendi-vanguard| esito: ok 32 · senza distribuzioni 49 · falliti 0
2026-08-21 10:20    |dividendi-ishares| 
2026-08-21 10:20    |dividendi-ishares| esito: ok 373 · senza cedole 17 · falliti 0
2026-08-21 10:20    |dividendi-spdr| dalla più antica 2011-07-29 alla più recente 2026-08-03
2026-08-21 10:20    |dividendi-spdr| upsert completato: 1223 righe
2026-08-21 10:21    |dividendi-xtrackers| 
2026-08-21 10:21    |dividendi-xtrackers| esito: ok 103 (1637 cedole) · senza tabella 2 · falliti 0
2026-08-21 10:22    |dividendi-amundi| 
2026-08-21 10:22    |dividendi-amundi| esito: ok 204 (1643 cedole) · senza stacchi 28 · falliti 0
2026-08-21 10:22    |dividendi-ubs| 
2026-08-21 10:22    |dividendi-ubs| esito: ok 81 (1635 cedole) · senza stacchi 0 · falliti 0
2026-08-21 10:22    |dividendi-jpm| 
2026-08-21 10:22    |dividendi-jpm| esito: ok 16 (376 cedole) · senza stacchi 1 · falliti 0
2026-08-21 10:22    |dividendi-borsaitaliana| 
2026-08-21 10:22    |dividendi-borsaitaliana| esito: ok 9 (118 cedole) · senza stacchi 5 · stacchi senza importo su BI 0 (scartati) · falliti 0 · coda fuori Milano 32
2026-08-21 10:22    |dividendi-invesco| DB: 441 cedole upsertate su 31 fondi
2026-08-21 10:22    |dividendi-invesco| esito: fondi con deduzione 99 · senza 5 · da scrivere 31 fondi / 441 cedole
2026-08-21 10:23    |holdings-history| foto 2026-08-01 (COMMIT) · già presenti: 2797
2026-08-21 10:23    |holdings-history| esito: 2821 fondi letti · 24 fotografati
2026-08-21 10:23    |holdings-history| verifica: 2821 righe nella foto 2026-08-01
2026-08-21 10:23    |anteprima-cambi| fotografie mensili: 1 (2026-08) · ultima 2026-08 con 2821 fondi
2026-08-21 10:23    |anteprima-cambi| meno di 2 foto: niente email (giusto così)
2026-08-21 10:23    |esma-mmf| registro ESMA MMF: 672 fondi
2026-08-21 10:23    |esma-mmf| ISIN dichiarati: 2166 · record senza ISIN (match per nome): 143
2026-08-21 10:23    |esma-mmf| 
2026-08-21 10:23    |esma-mmf| incroci col censimento: 4 (4 Authorised) → lib/esma-mmf.json
2026-08-21 10:23    |esma-mmf|   ✓ LU3178805456  Standard VNAV · Authorised · match isin  «AMUNDI INDEX SOLUTIONS - AMUNDI EUR CASH ACTIVE»
2026-08-21 10:23    |esma-mmf|   ✓ IE000SOORXS0  Short-term VNAV · Authorised · match nome  «Vanguard EUR Cash UCITS ETF»
2026-08-21 10:23    |esma-mmf|   ✓ IE000JJPY166  Short-term VNAV · Authorised · match nome  «iShares EUR Cash UCITS ETF»
2026-08-21 10:23    |esma-mmf|   ✓ IE000AFVKJZ0  Short-term VNAV · Authorised · match nome  «Vanguard EUR Cash UCITS ETF»
2026-08-21 10:23    |esma-mmf| json committato · pull ok · push ok
2026-08-21 10:23    |golden-esterno| ✓ SWDA    1a +21.5%|+21.5% · YTD +14.7%|+14.7% · MAX +660.3%|+660.5% · DD -33.9%|-33.9%
2026-08-21 10:23    |golden-esterno| ✓ VWCE    1a +22.7%|+22.7% · YTD +15.4%|+15.4% · MAX +132.7%|+132.7% · DD -33.5%|-33.5%
2026-08-21 10:23    |golden-esterno| ✓ VNGA60  1a +12.8%|+12.8% · YTD +8.2%|+8.2% · MAX +47.2%|+47.7% · DD -15.2%|-15.4%
2026-08-21 10:23    |golden-esterno| ✓ VAGF    1a +0.1%|+0.7% · YTD -1.0%|-0.4% · MAX -5.9%|-5.6% · DD -19.6%|-19.5%
2026-08-21 10:23    |golden-esterno| ✗ AGGH    1a +0.3%|+1.0% · YTD -0.7%|-0.2% · MAX -2.1%|-1.6% · DD -17.8%|-17.8%  ← 1a +0.3% vs +1.0%
2026-08-21 10:23    |golden-esterno| ✓ SGLN    1a +34.5%|+34.5% · YTD +4.8%|+4.8% · MAX +265.3%|+266.4% · DD -37.4%|-37.2%
2026-08-21 10:23    |golden-esterno| ✓ ORO-AM  1a +34.5%|+34.5% · YTD +4.8%|+4.8% · MAX +234.2%|+230.3% · DD -23.4%|-23.4%
2026-08-21 10:23    |golden-esterno| 
2026-08-21 10:23    |golden-esterno| ✗ GOLDEN ESTERNO VIOLATO (1): AGGH: 1a +0.3% vs +1.0%
2026-08-21 10:23  !! GOLDEN ESTERNO: metriche fuori tolleranza - vedi righe sopra
2026-08-21 10:23  [heartbeat] inviato (200)
2026-08-22 09:00  lancio: /usr/bin/node scripts/ingest-etf-registry.mjs --commit
2026-08-22 09:20    | 
2026-08-22 09:20    | Totale: 3287 righe, 3105 con benchmark, 1577 indici distinti
2026-08-22 09:20    | Snapshot righe: /tmp/etf-registry-dry/registry-rows.json
2026-08-22 09:20    | 
2026-08-22 09:20    | ⚠ PROBLEMI RILEVATI:
2026-08-22 09:20    |   · vanguard: benchmark solo su 76/140 (attesi ≥ 55%)
2026-08-22 09:20    |   aum_eur: 1961/1961 convertiti dai cambi BCE (GBP, USD, EUR, JPY, CHF, SEK, MXN, NZD, NOK, SGD, AUD, HKD)
2026-08-22 09:20    |   DB: 3287 righe upsertate · guardia anti-cancellazione: conservati raw.bondMetricsSorella×26, replication×1399, raw.sfdrFonte×2779, raw.tdNote×206, sfdr×695, raw.docNote×71, ter×434, distribution_policy×461, aum_eur×445, aum×439, aum_currency×439, aum_as_of×439, srri×373, domicile×376, inception_date×434, asset_class×711, raw.politicaFonte×26, benchmark_raw×63 (il feed diceva null, la tabella aveva un valore)
2026-08-22 09:20    |   memoria: 1 fotografie nuove per 2026-08 in etf_registry_history
2026-08-22 09:20    |   archivio: ishares-product-data.json già presente per 2026-08, non sovrascrivo
2026-08-22 09:20    |   archivio: ishares-product-list.xls già presente per 2026-08, non sovrascrivo
2026-08-22 09:20    |   archivio: vanguard-funds-graphql.json già presente per 2026-08, non sovrascrivo
2026-08-22 09:20    |   archivio: vanguard-pro.pdf già presente per 2026-08, non sovrascrivo
2026-08-22 09:20    |   archivio: amundi-products.json già presente per 2026-08, non sovrascrivo
2026-08-22 09:20    |   archivio: xtrackers-benchmarks.json già presente per 2026-08, non sovrascrivo
2026-08-22 09:20    |   archivio: xtrackers-sitemap.xml già presente per 2026-08, non sovrascrivo
2026-08-22 09:20    |   archivio: spdr-product-data.xlsx già presente per 2026-08, non sovrascrivo
2026-08-22 09:20    |   archivio: jpm-etf.json già presente per 2026-08, non sovrascrivo
2026-08-22 09:20    |   archivio: lgim-fund-centre.json già presente per 2026-08, non sovrascrivo
2026-08-22 09:20    |   archivio: 21shares-product-list.html già presente per 2026-08, non sovrascrivo
2026-08-22 09:20    |   archivio: invesco-solr-products.json già presente per 2026-08, non sovrascrivo
2026-08-22 09:20    |   archivio: invesco-products-listing.json già presente per 2026-08, non sovrascrivo
2026-08-22 09:20    |   archivio: snapshot 2026-08 in /home/rebalix/backups/rebalix-etf-registry-archivio/snapshots/2026-08
2026-08-22 09:20    | 
2026-08-22 09:20    | ✓ Ingest completato.
2026-08-22 09:20  esito: exit=0, emittenti ok=11/11
2026-08-22 09:20    |etc|   ✓ DE000A2UDH63 Xtrackers IE Physical Platinum EUR Hedged ETC Se — fee 0,73% EUR Metalli preziosi
2026-08-22 09:20    |etc|   ✓ DE000A1E0HS6 Xtrackers Physical Silver ETC (EUR) — fee 0,40% USD Metalli preziosi
2026-08-22 09:20    |etc|   ✓ CH1492505164 Xtrackers Galaxy MSCI Physical Crypto Market ETC — fee 0,65% USD DIGITAL ASSET
2026-08-22 09:20    |etc| Xtrackers ETC scritti: 18/18
2026-08-22 09:20    |kid|   ✗ Amundi HK0000286812: nessuna variante URL ha funzionato
2026-08-22 09:20    |kid|   ✗ Amundi HK0000308285: nessuna variante URL ha funzionato
2026-08-22 09:20    |kid|   ✗ Amundi HK0000308293: nessuna variante URL ha funzionato
2026-08-22 09:20    |kid| ✓ aggiornate 5 righe (kid_transaction_costs).
2026-08-22 09:20    |classif|   orfano → regione: Vanguard IE0009A5ADV9 «Vanguard FTSE All-World Ex-U.S. UCITS ETF USD Acc»
2026-08-22 09:20    |classif|   orfano → regione: Vanguard IE000VAHT5T0 «Vanguard FTSE Global All-Cap UCITS ETF USD Acc»
2026-08-22 09:20    |classif| ATTESA regione azionaria: 99.8% (1670/1673)
2026-08-22 09:20    |classif| ✓ attese rispettate
2026-08-22 10:07    |listings| 
2026-08-22 10:07    |listings| Fatto: 3093 ISIN con listing, 443 senza documenti FIRDS, 0 falliti; 100373 righe scritte
2026-08-22 10:07    |listings| Listing non-attivi visti: 29238
2026-08-22 11:47    |series|   serie dal DB: 2025
2026-08-22 11:47    |series|   serie dal DB: 2525
2026-08-22 11:47    |series|   serie dal DB: 3021
2026-08-22 11:47    |series|   cache serie riscritta: 3021 righe → /home/rebalix/cache/etf-series.json
2026-08-22 12:53    |bench-ishares|   ✗ IE00014E9P24 pagina: HTTP 404
2026-08-22 12:53    |bench-ishares| 
2026-08-22 12:53    |bench-ishares| esito: bench dalla pagina 0 · senza pagina/ajax 119 · pagina senza bench 27 · discordi 0 · hedged saltate 125 · scritte 0
2026-08-22 13:00    |bench-invesco|   golden IE00B3YCGJ38: indice file 12m 21.61 vs rolling 21.61 → ✓
2026-08-22 13:00    |bench-invesco| 
2026-08-22 13:00    |bench-invesco| esito: indice dal rolling 0 · senza indice 22 · falliti 0 · discordi 0 · hedged saltate 45 · scritte 0
2026-08-22 13:24    |distfreq|   Invesco dichiarate: 0
2026-08-22 13:24    |distfreq| frequenze pronte: 730 — scritte (solo dove mancava): 730
2026-08-22 13:54    |lending| prestito dichiarato: 2 — frase assente: 865 — KID non raggiunti: 0
2026-08-22 13:54    |lending| golden UBS ✓ (dichiara il prestito)
2026-08-22 13:58    |kidrisk| rischio estratto: 5 — KID letti senza numero: 203 — non raggiunti: 112
2026-08-22 13:58    |kidrisk| golden CSPX ✓ (rischio 4)
2026-08-22 14:52    |declared| aggiornati: 0 — azzerati (nessuna fonte): 1 — iShares non letti: 76
2026-08-22 14:52    |declared|   borse fuori mappa (tenute col nome originale): Bolsa De Valores De Colombia×41, Santiago Stock Exchange×98, Cboe Europe×47, Bolsa Institucional de Valores×59, BATS Chi-X Europe×4, Tel Aviv Stock Exchange×23
2026-08-22 14:52    |declared| golden ✓ MDAX=["SIX Zurigo","Xetra"] CSPX=["Bolsa De Valores De Colombia","Bolsa Mexicana","Borsa Italiana","Euronext Amsterdam","Londra (LSE)","SIX Zurigo","Santiago Stock Exchange","Tel Aviv Stock Exchange","Xetra"]
2026-08-22 14:52    |venues| enrich-venue-listings — COMMIT
2026-08-22 15:31    |tickers| collaudo whitelist↔openfigi: 18289 confronti, 497 divergenze (2.7%)
2026-08-22 15:31    |tickers| scritte 31373 righe
2026-08-22 15:31    |tickers| mappa tarata salvata in /tmp/figi-mic-map.json
2026-08-22 15:59    |documents|   lingueMancanti: 168 slot con lingua non-madre da ricontrollare
2026-08-22 15:59    |documents| LingueMancanti: 0 fondi con documenti (66s)
2026-08-22 18:45    |doc-archive|     non raggiungibile  https://etf.dws.com/download/asset/e983f934-73ab-41f4-a420-3016f982ce66
2026-08-22 18:45    |doc-archive|     non raggiungibile  https://etf.dws.com/download/asset/44b22f03-3206-49e0-8cc2-887a39244866
2026-08-22 18:50    |kid-objectives| Invesco      ok  289/295 · EN ufficiale  289 (senza: 0)  marcatore inizio×1 · sezione corta×5
2026-08-22 18:50    |kid-objectives| JPMorgan     ok   96/96 · EN ufficiale   96 (senza: 0)  
2026-08-22 18:50    |kid-objectives| LGIM         ok   70/70 · EN ufficiale   67 (senza: 3)  en: lingua it ≠ kid_lang en×2
2026-08-22 18:50    |kid-objectives| SPDR         ok  176/176 · EN ufficiale  176 (senza: 0)  
2026-08-22 18:50    |kid-objectives| UBS          ok  231/231 · EN ufficiale  231 (senza: 0)  
2026-08-22 18:50    |kid-objectives| Vanguard     ok  140/140 · EN ufficiale  137 (senza: 3)  
2026-08-22 18:50    |kid-objectives| Xtrackers    ok  394/394 · EN ufficiale  394 (senza: 0)  
2026-08-22 18:50    |kid-objectives| iShares      ok  900/900 · EN ufficiale  900 (senza: 0)  
2026-08-22 18:50    |kid-objectives| 
2026-08-22 18:50    |kid-objectives| rapporto con campioni: /tmp/kid-objectives-report.json
2026-08-22 18:50    |gestione|    Amundi    HK0000286812 Amundi Hang Seng HK 35 Index ETF - Counter RMB
2026-08-22 18:50    |gestione|    Amundi    HK0000308285 Amundi FTSE China A50 Index ETF - Counter RMB
2026-08-22 18:50    |gestione|    Amundi    HK0000308293 Amundi FTSE China A50 Index ETF - Counter HKD
2026-08-22 18:50    |gestione| 
2026-08-22 18:50    |gestione| golden ✓ (gestione 10/10, replica di riserva 4/4)
2026-08-22 18:50    |gestione| sentinella «Active» nel nome: nessun orfano ✓
2026-08-22 18:50    |gestione| 
2026-08-22 18:50    |gestione| DB: 6 righe aggiornate, 0 errori
2026-08-22 19:27    |bond-metrics|   ✓ golden IE00049TNTV6 (JPMorgan) dur=6.74 media as_of=2026-07-31 rating=6 scad=0
2026-08-22 19:27    |bond-metrics|   ✓ golden IE0007EH5UK6 (LGIM) dur=4.31 modificata as_of=2026-06-30 rating=9 scad=8
2026-08-22 19:27    |bond-metrics|   ℹ golden LU0721552973: documento più recente (2026-07-31 ≠ 2026-06-30) → confronto duration saltato (3.47)
2026-08-22 19:27    |bond-metrics|   ✓ golden LU0721552973 (UBS) dur=3.47 modificata as_of=2026-07-31 rating=0 scad=0
2026-08-22 19:27    |bond-metrics|   ✓ golden LU1285959885 (Amundi) dur=6.64 modificata as_of=2026-06-30 rating=5 scad=8
2026-08-22 19:27    |bond-metrics|   ℹ golden IE0003HUCA83: documento più recente (2026-07-31 ≠ 2026-06-30) → confronto duration saltato (6.5)
2026-08-22 19:27    |bond-metrics|   ✓ golden IE0003HUCA83 (Vanguard) dur=6.5 media as_of=2026-07-31 rating=5 scad=7
2026-08-22 19:27    |bond-metrics|   ✓ golden IE0002OP0LA0 (SPDR) dur=2.75 effettiva as_of=2026-07-31 rating=3 scad=5
2026-08-22 19:27    |bond-metrics|   ✓ golden IE0004KLW911 (Xtrackers) dur=6.67 modificata as_of=2026-08-20 rating=0 scad=8
2026-08-22 19:27    |bond-metrics|   ✓ golden IE00004FVB93 (iShares) dur=1.71 effettiva as_of=2026-08-20 rating=5 scad=3
2026-08-22 19:27    |bond-metrics|   ✓ golden IE000ZWSN3F7 (Invesco) dur=3.03 effettiva as_of=2026-07-31 rating=8 scad=7
2026-08-22 19:27    |bond-metrics| golden: 9/9
2026-08-22 19:27    |bond-metrics| scritte 1032 righe, errori 0
2026-08-22 19:27    |bond-metrics| revalidate schede: HTTP 200
2026-08-22 19:27    |bond-metrics-sorelle| COMMIT: da scrivere 0 · gruppi discordi 0
2026-08-22 19:27    |bond-metrics-sorelle| scritte 0
2026-08-22 19:29    |td| golden TD ✓
2026-08-22 19:29    |td| COMMIT: 1932 td_1y scritte, 6 azzerate · motivi del trattino: 142 scritti, 12 tolti
2026-08-22 19:29    |td| coperte ritirate per |TD|≥2 (indice non coperto nel feed): 33 — es. Amundi FR001400SQV3 TD=-2.42 · Xtrackers IE00028H9QJ8 TD=-2.22 · Xtrackers IE0002EI5AG0 TD=-2.62 · Xtrackers IE000IDLWOL4 TD=-2.60 · Amundi IE000KTD59H4 TD=2.88 · iShares IE000QZ7JON9 TD=-2.59
2026-08-22 19:31    |td-spdr| 
2026-08-22 19:31    |td-spdr| esito: TD dichiarate 141 · senza pagina 0 · pagina senza dati 35 · scritte 141
2026-08-22 19:31    |kid-xtrackers| esito: 0 fondi da scrivere · senza KID in archivio 0 · KID senza TER leggibile 18 · senza politica 26 · TER: {} · policy: Acc 0 / Dist 0
2026-08-22 19:31    |kid-xtrackers| COMMIT: 0 righe aggiornate
2026-08-22 19:31    |kid-politica|   · 21Shares CH1102728750 21shares Cardano ETP
2026-08-22 19:31    |kid-politica| COMMIT: 0 righe aggiornate
2026-08-22 19:31    |factsheet-aum| somma AUM letta: € 0.0 mld · massimo: -
2026-08-22 19:31    |factsheet-aum| COMMIT: 0 righe aggiornate
2026-08-22 19:31    |21shares-anagrafica| 21Shares: 58 righe · da lavorare 58 (COMMIT)
2026-08-22 19:31    |21shares-anagrafica| esito: benchmark 0 · kid_url IT 0 · factsheet 0 · righe aggiornate 0
2026-08-22 19:33    |xtrackers-pdp| letti: inception 0 · domicilio 0 · srri 0 · aum 0 · indice 0 · sottostante ETC 0 · ter 0 · aum ETC 0 | vuoti 0 · errori 0 · da scrivere 0
2026-08-22 19:33    |xtrackers-pdp| scritte 0/0
2026-08-22 19:34    |21shares-inception| lette 58 · non trovate 0 · da scrivere 0
2026-08-22 19:34    |21shares-inception| scritte 0/0
2026-08-22 19:35    |sfdr-da-kid|   iShares    8=2 9=0 6-dedotto=8 etc=0
2026-08-22 19:35    |sfdr-da-kid| scritte 583/583
2026-08-22 19:36    |sfdr-da-prospetto| note «non pubblicato dall'emittente» da scrivere: 0
2026-08-22 19:36    |sfdr-da-prospetto| scritte 0/0 · note 0/0
2026-08-22 19:36    |sfdr-normalizza| righe da riscrivere: 482
2026-08-22 19:36    |sfdr-normalizza| scritte 482/482
2026-08-22 19:36    |21shares-ter| 
2026-08-22 19:36    |21shares-ter| esito: TER letti 0 · senza KID 0 · KID senza costo 0 · scritte 0
2026-08-22 19:40    |doc-langs| esito: 3032 fondi con lingua rilevata · KID non-it: 175 · factsheet non-it: 530
2026-08-22 19:40    |doc-langs| colonne _en riempite dal primario inglese: 0
2026-08-22 19:40    |replica-from-kid| per valore: {}
2026-08-22 19:40    |replica-from-kid| esempi:
2026-08-22 19:40    |motore| revalidate motore: HTTP 200
2026-08-22 19:40    |motore| revalidate emittenti: HTTP 200
2026-08-22 19:40    |completezza| 
2026-08-22 19:40    |completezza| eccezioni DICHIARATE (non contano): replica×118 · gestione×93 · classe×58 · domicilio×58 · politica×61 · indice×56 · factsheet×86 · ticker×23 · bond_metrics×45 · aum×4
2026-08-22 19:40    |completezza| [heartbeat] etf-completezza inviato (200)
2026-08-22 19:41    |audit| serie dalla cache (/home/rebalix/cache/etf-series.json, 3021 righe, età 7.9h)
2026-08-22 19:41    |audit| serie esaminate: 3021 · anomalie DURE: 1 · osservazioni morbide: 16 · benchmark fermi: 67 (attesi ≤ 35)
2026-08-22 19:41    |audit| 
2026-08-22 19:41    |audit| · FR0013346681  [monetario]  Amundi PEA Euro Court Terme UCITS ETF Acc
2026-08-22 19:41    |audit|     → volatilità 5% (soglia 4% per monetario)
2026-08-22 19:41    |audit| · IE0009W21NT4  [azionario]  UBS MSCI World Selection UCITS ETF hEUR acc
2026-08-22 19:41    |audit|     → buco di 146 giorni nella serie
2026-08-22 19:41    |audit| · IE000EPIJ442  [azionario]  UBS Solactive US Listed Gold & Silver Miners UCITS ETF 
2026-08-22 19:41    |audit|     → annualizzato 99%/a (soglia ±80% per azionario)
2026-08-22 19:41    |audit| · IE000PEAJOT0  [azionario]  Amundi MSCI USA ESG Selection UCITS ETF Acc
2026-08-22 19:41    |audit|     → buco di 60 giorni nella serie
2026-08-22 19:41    |audit| · IE000TG1LGI4  [azionario]  UBS MSCI World Selection UCITS ETF USD acc
2026-08-22 19:41    |audit|     → buco di 146 giorni nella serie
2026-08-22 19:41    |audit| · IE00B9MRHC27  [azionario]  Xtrackers Msci Nordic UCITS ETF 1d
2026-08-22 19:41    |audit|     → buco di 148 giorni nella serie
2026-08-22 19:41    |audit| · IE00BPVLQD13  [azionario]  Xtrackers Msci Japan Screened UCITS ETF 1d
2026-08-22 19:41    |audit|     → buco di 53 giorni nella serie
2026-08-22 19:41    |audit| · IE00BQWJFQ70  [multi-asset]  State Street® SPDR® Morningstar Multi-Asset Global Infr
2026-08-22 19:41    |audit|     → buco di 82 giorni nella serie
2026-08-22 19:41    |audit| · IE00BRB36B93  [azionario]  Xtrackers Msci Japan Screened UCITS ETF 3c Eur Hedged
2026-08-22 19:41    |audit|     → buco di 53 giorni nella serie
2026-08-22 19:41    |audit| · LU0290358497  [monetario]  Xtrackers Eur Overnight Rate Swap UCITS ETF 1c
2026-08-22 19:41    |audit|     → buco di 90 giorni nella serie
2026-08-22 19:41    |audit| · LU2109787635  [azionario]  Amundi MSCI EMU SRI Climate Paris Aligned UCITS ETF DR 
2026-08-22 19:41    |audit|     → buco di 60 giorni nella serie
2026-08-22 19:41    |audit| · IE00BD45YS76  [azionario]  iShares Core MSCI World UCITS ETF
2026-08-22 19:41    |audit|     → benchmark fermo: indice dell'emittente fino al 2019-10-14 (NAV fino al 2026-08-21) — TD e confronto non pubblicati
2026-08-22 19:41    |audit| · IE00BD8KRH84  [azionario]  iShares Core S&P 500 UCITS ETF
2026-08-22 19:41    |audit|     → benchmark fermo: indice dell'emittente fino al 2019-10-14 (NAV fino al 2026-08-21) — TD e confronto non pubblicati
2026-08-22 19:41    |audit| · IE00BD8PGZ49  [obbligazionario]  iShares $ Treasury Bond 20+yr UCITS ETF
2026-08-22 19:41    |audit|     → benchmark fermo: indice dell'emittente fino al 2019-10-14 (NAV fino al 2026-08-21) — TD e confronto non pubblicati
2026-08-22 19:41    |audit| · IE00BD8PH174  [obbligazionario]  iShares Global Inflation Linked Govt Bond UCITS ETF
2026-08-22 19:41    |audit|     → benchmark fermo: indice dell'emittente fino al 2019-10-14 (NAV fino al 2026-08-21) — TD e confronto non pubblicati
2026-08-22 19:41    |audit| · IE00BDBRDM35  [obbligazionario]  iShares Core Global Aggregate Bond UCITS ETF
2026-08-22 19:41    |audit|     → benchmark fermo: indice dell'emittente fino al 2019-10-14 (NAV fino al 2026-08-21) — TD e confronto non pubblicati
2026-08-22 19:41    |audit| ‼ —  [_default]  benchmark fermi: 67 (attesi ≤ 35)
2026-08-22 19:41    |audit|     → un file emittente ha smesso di aggiornare la serie indice: controllare i moduli |bench-ishares|/|bench-invesco| e i feed
2026-08-22 19:41  !! AUDIT: anomalie DURE nelle serie appena ingerite - vedi righe |audit| sopra
2026-08-22 19:41    |audit-bench|   DE0005933923  1 tick (0 ai confini)  es: 2011-05-09
2026-08-22 19:41    |audit-bench|   IE0005QL4147  1 tick (0 ai confini)  es: 2023-04-11
2026-08-22 19:41    |audit-bench|   IE000OHHIBC6  1 tick (0 ai confini)  es: 2025-03-31
2026-08-22 19:41    |audit-bench|   IE000V73IL86  1 tick (0 ai confini)  es: 2025-10-10
2026-08-22 19:41    |audit-bench|   IE00B0M63177  1 tick (0 ai confini)  es: 2025-03-31
2026-08-22 19:41    |audit-bench|   IE00B1YZSC51  1 tick (1 ai confini)  es: 2022-12-30
2026-08-22 19:46    |holdings-xtrackers|   ✗ LU3386643970 testata non trovata
2026-08-22 19:46    |holdings-xtrackers| 
2026-08-22 19:46    |holdings-xtrackers| esito: ok 374 · senza file 1 · falliti 1
2026-08-22 19:50    |holdings-spdr| SPDR da lavorare: 176 (COMMIT)
2026-08-22 19:50    |holdings-spdr| 
2026-08-22 19:50    |holdings-spdr| esito: ok 169 · senza file 7 · falliti 0
2026-08-22 19:50    |holdings-avantis| Avantis: 6 fondi (COMMIT)
2026-08-22 19:50    |holdings-avantis|   ✓ IE0003R87OG3 1773 pos · as_of 2026-08-21 · top: SM ENERGY CO COMMON STOCK USD. 0.87%
2026-08-22 19:50    |holdings-avantis|   ✓ IE000K975W13 2944 pos · as_of 2026-08-21 · top: SK HYNIX INC COMMON STOCK KRW5 5.14%
2026-08-22 19:50    |holdings-avantis|   ✓ IE000OW54ZX1 2236 pos · as_of 2026-08-21 · top: NVIDIA CORP COMMON STOCK USD.0 5.4%
2026-08-22 19:50    |holdings-avantis|   ✓ IE000RJECXS5 4230 pos · as_of 2026-08-21 · top: NVIDIA CORP COMMON STOCK USD.0 3.71%
2026-08-22 19:50    |holdings-avantis|   ✓ IE000SDFJUU0 1255 pos · as_of 2026-08-21 · top: US DOLLAR 6.85%
2026-08-22 19:50    |holdings-avantis|   ✓ IE000T62NEO6 1315 pos · as_of 2026-08-21 · top: BHP GROUP LTD SPON ADR ADR 3.23%
2026-08-22 19:50    |holdings-avantis| 
2026-08-22 19:50    |holdings-avantis| esito: ok 6 · falliti 0
2026-08-22 20:01    |holdings-invesco|   …275/286
2026-08-22 20:01    |holdings-invesco| 
2026-08-22 20:01    |holdings-invesco| esito: ok 286 · falliti 0
2026-08-22 20:01    |copertura|   · Avantis · prestito titoli (sì|no dich.): 0% (atteso: gestione attiva, KID muto (letto 15 ago))
2026-08-22 20:01    |copertura|   · JPMorgan · TD 1 anno: 0% (atteso: niente serie-indice nel feed JPM)
2026-08-22 20:01    |copertura|   · LGIM · TD 1 anno: 0% (atteso: niente serie-indice nel feed LGIM)
2026-08-22 20:01    |copertura|   · Avantis · TD 1 anno: 0% (atteso: attivi: TD non pertinente)
2026-08-22 20:01    |copertura| 
2026-08-22 20:01    |copertura| ✓ nessun buco di copertura non dichiarato
2026-08-22 20:01    |xetra| 
2026-08-22 20:01    |xetra| esito: TER trovati 0 · AUM trovati 0 · non quotati a Xetra 5 · falliti 0 · righe aggiornate 0
2026-08-22 20:01    |xetra| per emittente: {}
2026-08-22 20:04    |holdings-vanguard| 
2026-08-22 20:04    |holdings-vanguard| esito: ok 78 · falliti 3
2026-08-22 20:05    |holdings-jpm| 
2026-08-22 20:05    |holdings-jpm| esito: ok 96 · senza posizioni 0 · falliti 0
2026-08-22 20:06    |holdings-lgim| 
2026-08-22 20:06    |holdings-lgim| esito: ok 66 · senza pdf 3 · falliti 1
2026-08-22 20:06    |holdings-ubs| 
2026-08-22 20:06    |holdings-ubs| esito: ok 170 · senza pdf 3 · falliti 58
2026-08-22 20:07    |holdings-amundi| 
2026-08-22 20:07    |holdings-amundi| esito: ok 585 · senza pdf 53 · falliti 18
2026-08-22 20:07    |dividendi-vanguard| 
2026-08-22 20:07    |dividendi-vanguard| esito: ok 32 · senza distribuzioni 49 · falliti 0
2026-08-22 20:27    |dividendi-ishares| 
2026-08-22 20:27    |dividendi-ishares| esito: ok 373 · senza cedole 17 · falliti 0
2026-08-22 20:27    |dividendi-spdr| dalla più antica 2011-07-29 alla più recente 2026-08-03
2026-08-22 20:27    |dividendi-spdr| upsert completato: 1223 righe
2026-08-22 20:29    |dividendi-xtrackers| 
2026-08-22 20:29    |dividendi-xtrackers| esito: ok 103 (1637 cedole) · senza tabella 2 · falliti 0
2026-08-22 20:29    |dividendi-amundi| 
2026-08-22 20:29    |dividendi-amundi| esito: ok 204 (1643 cedole) · senza stacchi 28 · falliti 0
2026-08-22 20:29    |dividendi-ubs| 
2026-08-22 20:29    |dividendi-ubs| esito: ok 81 (1635 cedole) · senza stacchi 0 · falliti 0
2026-08-22 20:29    |dividendi-jpm| 
2026-08-22 20:29    |dividendi-jpm| esito: ok 16 (376 cedole) · senza stacchi 1 · falliti 0
2026-08-22 20:29    |dividendi-borsaitaliana| 
2026-08-22 20:29    |dividendi-borsaitaliana| esito: ok 1 (29 cedole) · senza stacchi 5 · stacchi senza importo su BI 0 (scartati) · falliti 0 · coda fuori Milano 32
2026-08-22 20:29    |dividendi-invesco| DB: 446 cedole upsertate su 33 fondi
2026-08-22 20:29    |dividendi-invesco| esito: fondi con deduzione 99 · senza 5 · da scrivere 33 fondi / 446 cedole
2026-08-22 20:30    |holdings-history| foto 2026-08-01 (COMMIT) · già presenti: 2821
2026-08-22 20:30    |holdings-history| esito: 2822 fondi letti · 1 fotografati
2026-08-22 20:30    |holdings-history| verifica: 2822 righe nella foto 2026-08-01
2026-08-22 20:30    |anteprima-cambi| fotografie mensili: 1 (2026-08) · ultima 2026-08 con 2822 fondi
2026-08-22 20:30    |anteprima-cambi| meno di 2 foto: niente email (giusto così)
2026-08-22 20:30    |esma-mmf| registro ESMA MMF: 672 fondi
2026-08-22 20:30    |esma-mmf| ISIN dichiarati: 2166 · record senza ISIN (match per nome): 143
2026-08-22 20:30    |esma-mmf| 
2026-08-22 20:30    |esma-mmf| incroci col censimento: 4 (4 Authorised) → lib/esma-mmf.json
2026-08-22 20:30    |esma-mmf|   ✓ LU3178805456  Standard VNAV · Authorised · match isin  «AMUNDI INDEX SOLUTIONS - AMUNDI EUR CASH ACTIVE»
2026-08-22 20:30    |esma-mmf|   ✓ IE000SOORXS0  Short-term VNAV · Authorised · match nome  «Vanguard EUR Cash UCITS ETF»
2026-08-22 20:30    |esma-mmf|   ✓ IE000JJPY166  Short-term VNAV · Authorised · match nome  «iShares EUR Cash UCITS ETF»
2026-08-22 20:30    |esma-mmf|   ✓ IE000AFVKJZ0  Short-term VNAV · Authorised · match nome  «Vanguard EUR Cash UCITS ETF»
2026-08-22 20:30    |esma-mmf| json committato · pull ok · push ok
2026-08-22 20:30    |golden-esterno| ↳ despike justETF su SWDA: 31 blip di 1 giorno ≥2 tick (prezzo 126.41, tick 0.01%) tolti dalla LORO serie
2026-08-22 20:30    |golden-esterno| ✓ SWDA    1a +20.8%|+21.1% · YTD +13.6%|+13.9% · MAX +653.4%|+655.6% · DD -33.9%|-33.9%
2026-08-22 20:30    |golden-esterno|   ↳ despike justETF su VWCE: 8 blip di 1 giorno ≥2 tick (prezzo 166.16, tick 0.01%) tolti dalla LORO serie
2026-08-22 20:30    |golden-esterno| ✓ VWCE    1a +22.5%|+22.8% · YTD +14.8%|+15.1% · MAX +131.5%|+132.1% · DD -33.5%|-33.5%
2026-08-22 20:30    |golden-esterno|   ↳ despike justETF su VNGA60: 38 blip di 1 giorno ≥2 tick (prezzo 36.83, tick 0.03%) tolti dalla LORO serie
2026-08-22 20:30    |golden-esterno| ✓ VNGA60  1a +13.1%|+13.1% · YTD +8.2%|+8.3% · MAX +47.3%|+47.8% · DD -15.2%|-15.4%
2026-08-22 20:30    |golden-esterno|   ↳ despike justETF su VAGF: 82 blip di 1 giorno ≥2 tick (prezzo 23.48, tick 0.04%) tolti dalla LORO serie
2026-08-22 20:30    |golden-esterno| ✓ VAGF    1a -0.3%|-0.3% · YTD -1.2%|-1.3% · MAX -6.1%|-6.3% · DD -19.6%|-19.5%
2026-08-22 20:30    |golden-esterno|   ↳ despike justETF su AGGH: 43 blip di 1 giorno ≥2 tick (prezzo 4.89, tick 0.20%) tolti dalla LORO serie
2026-08-22 20:30    |golden-esterno| ✓ AGGH    1a +0.2%|+0.0% · YTD -0.8%|-0.8% · MAX -2.2%|-2.2% · DD -17.8%|-17.8%
2026-08-22 20:30    |golden-esterno|   ↳ despike justETF su SGLN: 37 blip di 1 giorno ≥2 tick (prezzo 76.46, tick 0.01%) tolti dalla LORO serie
2026-08-22 20:30    |golden-esterno| ✗ SGLN    1a +36.3%|+37.1% · YTD +6.7%|+7.4% · MAX +272.2%|+275.8% · DD -37.4%|-37.2%  ← 1a +36.3% vs +37.1%
2026-08-22 20:30    |golden-esterno|   ↳ despike justETF su ORO-AM: 7 blip di 1 giorno ≥2 tick (prezzo 156.2, tick 0.01%) tolti dalla LORO serie
2026-08-22 20:30    |golden-esterno| ✓ ORO-AM  1a +34.3%|+34.3% · YTD +4.6%|+4.6% · MAX +233.7%|+229.8% · DD -23.4%|-23.4%
2026-08-22 20:30    |golden-esterno| 
2026-08-22 20:30    |golden-esterno| ✗ GOLDEN ESTERNO VIOLATO (1): SGLN: 1a +36.3% vs +37.1%
2026-08-22 20:30  !! GOLDEN ESTERNO: metriche fuori tolleranza - vedi righe sopra
2026-08-22 20:30  [heartbeat] inviato (200)
2026-09-02 07:45  lancio: /usr/bin/node scripts/ingest-etf-registry.mjs --commit
2026-09-02 08:05    |   jpm: 96 righe, 90 con benchmark  ✓
2026-09-02 08:05    | → lgim…
2026-09-02 08:05    |   lgim: 70 righe, 70 con benchmark  ✓
2026-09-02 08:05    | → 21shares…
2026-09-02 08:05    |   21shares: 58 righe, 0 con benchmark  ✓
2026-09-02 08:05    | → avantis…
2026-09-02 08:05    |   avantis: 6 righe, 6 con benchmark  ✓
2026-09-02 08:05    | → invesco…
2026-09-02 08:05    |   …invesco 50/295
2026-09-02 08:05    |   …invesco 100/295
2026-09-02 08:05    |   …invesco 150/295
2026-09-02 08:05    |   …invesco 200/295
2026-09-02 08:05    |   …invesco 250/295
2026-09-02 08:05    |   invesco: 295 righe, 295 con benchmark  ✓
2026-09-02 08:05    | → franklin…
2026-09-02 08:05    |   franklin: 48 righe, 48 con benchmark  ✓
2026-09-02 08:05    | 
2026-09-02 08:05    | Totale: 3760 righe, 3578 con benchmark, 1925 indici distinti
2026-09-02 08:05    | Snapshot righe: /tmp/etf-registry-dry/registry-rows.json
2026-09-02 08:05    |   aum_eur: 2013/2013 convertiti dai cambi BCE (GBP, USD, EUR, JPY, CHF, SEK, MXN, NZD, NOK, SGD, AUD, HKD)
2026-09-02 08:05    |   DB: 3760 righe upsertate · guardia anti-cancellazione: conservati raw.bondMetricsSorella×26, replication×1399, raw.sfdrFonte×3011, raw.tdNote×471, benchmark_raw×67, sfdr×706, raw.docNote×72, ter×496, distribution_policy×461, aum_eur×676, aum×670, aum_currency×670, aum_as_of×439, srri×373, domicile×376, inception_date×434, asset_class×942, raw.politicaFonte×26 (il feed diceva null, la tabella aveva un valore)
2026-09-02 08:05    |   memoria: 3778 fotografie nuove per 2026-09 in etf_registry_history
2026-09-02 08:05    |   archivio: snapshot 2026-09 in /home/rebalix/backups/rebalix-etf-registry-archivio/snapshots/2026-09
2026-09-02 08:05    | 
2026-09-02 08:05    | ✓ Ingest completato.
2026-09-02 08:05  esito: exit=0, emittenti ok=13/13
2026-09-02 08:06    |etc|   ✓ DE000A2UDH63 Xtrackers IE Physical Platinum EUR Hedged ETC Se — fee 0,73% EUR Metalli preziosi
2026-09-02 08:06    |etc|   ✓ DE000A1E0HS6 Xtrackers Physical Silver ETC (EUR) — fee 0,40% USD Metalli preziosi
2026-09-02 08:06    |etc|   ✓ CH1492505164 Xtrackers Galaxy MSCI Physical Crypto Market ETC — fee 0,65% USD DIGITAL ASSET
2026-09-02 08:06    |etc| Xtrackers ETC scritti: 18/18
2026-09-02 08:45    |kid|   ↺ TER LU1600334798: 0.13 → 0.09 (dal KID)
2026-09-02 08:45    |kid|   ↺ TER LU1645380368: 0.1 → 0.08 (dal KID)
2026-09-02 08:45    |kid|   ↺ TER LU1805389258: 0.12 → 0.06 (dal KID)
2026-09-02 08:45    |kid| ✓ aggiornate 2691 righe (kid_transaction_costs + kid_management_costs) · TER allineati al KID: 63
2026-09-02 08:45    |classif|   orfano → regione: Franklin Templeton IE0003WEWAX4 «Solactive Sustainable Health and Wellness Index-NR»
2026-09-02 08:45    |classif|   orfano → regione: Franklin Templeton IE000ZOKLHY7 «Solactive Sustainable Food Index-NR»
2026-09-02 08:45    |classif| ATTESA regione azionaria: 99.9% (1711/1713)
2026-09-02 08:45    |classif| ✓ attese rispettate
2026-09-02 09:36    |listings| 
2026-09-02 09:36    |listings| Fatto: 3332 ISIN con listing, 446 senza documenti FIRDS, 0 falliti; 104838 righe scritte
2026-09-02 09:36    |listings| Listing non-attivi visti: 31478
2026-09-02 11:24    |series|   serie dal DB: 2025
2026-09-02 11:24    |series|   serie dal DB: 2525
2026-09-02 11:24    |series|   serie dal DB: 3025
2026-09-02 11:24    |series|   cache serie riscritta: 3271 righe → /home/rebalix/cache/etf-series.json
2026-09-02 11:39    |bench-ishares| 
2026-09-02 11:39    |bench-ishares| esito: bench dalla pagina 1 [via API UK 210 · API UK ko 0] · senza pagina/ajax 37 [pid assente 0 · HTTP 404 25 · altri HTTP 0 · pagina senza grafico 12] · pagina senza bench 27 · discordi 0 · hedged saltate 208 · scritte 1
2026-09-02 11:39    |bench-ishares| cache serie riscritta
2026-09-02 11:46    |bench-invesco|   golden IE00B3YCGJ38: indice file 12m 21.61 vs rolling 21.61 → ✓
2026-09-02 11:46    |bench-invesco| 
2026-09-02 11:46    |bench-invesco| esito: indice dal rolling 0 · senza indice 23 · falliti 0 · discordi 0 · hedged saltate 45 · scritte 0
2026-09-02 11:59    |distfreq|   Invesco dichiarate: 0
2026-09-02 11:59    |distfreq| frequenze pronte: 794 — scritte (solo dove mancava): 794
2026-09-02 12:38    |lending| prestito dichiarato: 141 — frase assente: 966 — KID non raggiunti: 1
2026-09-02 12:38    |lending| golden UBS ✓ (dichiara il prestito)
2026-09-02 12:46    |kidrisk| rischio estratto: 324 — KID letti senza numero: 203 — non raggiunti: 31
2026-09-02 12:46    |kidrisk| golden CSPX ✓ (rischio 4)
2026-09-02 13:40    |declared| aggiornati: 20 — azzerati (nessuna fonte): 0 — iShares non letti: 77
2026-09-02 13:40    |declared|   borse fuori mappa (tenute col nome originale): Bolsa De Valores De Colombia×41, Santiago Stock Exchange×98, Cboe Europe×47, Bolsa Institucional de Valores×59, BATS Chi-X Europe×4, Tel Aviv Stock Exchange×23
2026-09-02 13:40    |declared| golden ✓ MDAX=["SIX Zurigo","Xetra"] CSPX=["Bolsa De Valores De Colombia","Bolsa Mexicana","Borsa Italiana","Euronext Amsterdam","Londra (LSE)","SIX Zurigo","Santiago Stock Exchange","Tel Aviv Stock Exchange","Xetra"]
2026-09-02 13:41    |venues| xetra: 4952 strumenti attivi con simbolo nel listino ufficiale
2026-09-02 13:41    |venues| righe gruppo-Xetra: 4212 — aggiornate 98, già allineate 4104, ISIN fuori listino 10
2026-09-02 14:23    |tickers| collaudo whitelist↔openfigi: 18892 confronti, 498 divergenze (2.6%)
2026-09-02 14:23    |tickers| scritte 32398 righe
2026-09-02 14:23    |tickers| mappa tarata salvata in /tmp/figi-mic-map.json
2026-09-02 15:23  !! documents fallito (non blocca): Command '['/usr/bin/node', 'scripts/enrich-etf-documents.mjs', '--commit']' timed out after 3600 seconds
2026-09-02 19:47    |doc-archive|     non raggiungibile  https://www.amundietf.it/pdfDocuments/monthly-factsheet/LU1681038839/ENG/GBR/INSTITUTIONNEL/ETF
2026-09-02 19:47    |doc-archive|     non raggiungibile  https://www.amundietf.it/pdfDocuments/kid-priips/LU2780871310/ENG/NLD
2026-09-02 19:53    |kid-objectives| Invesco      ok  289/295 · EN ufficiale  289 (senza: 0)  marcatore inizio×1 · sezione corta×5
2026-09-02 19:53    |kid-objectives| JPMorgan     ok   96/96 · EN ufficiale   96 (senza: 0)  
2026-09-02 19:53    |kid-objectives| LGIM         ok   70/70 · EN ufficiale   67 (senza: 3)  en: lingua it ≠ kid_lang en×2
2026-09-02 19:53    |kid-objectives| SPDR         ok  176/176 · EN ufficiale  176 (senza: 0)  
2026-09-02 19:53    |kid-objectives| UBS          ok  419/419 · EN ufficiale  281 (senza: 138)  
2026-09-02 19:53    |kid-objectives| Vanguard     ok  140/140 · EN ufficiale  137 (senza: 3)  
2026-09-02 19:53    |kid-objectives| Xtrackers    ok  394/394 · EN ufficiale  394 (senza: 0)  
2026-09-02 19:53    |kid-objectives| iShares      ok  903/903 · EN ufficiale  903 (senza: 0)  
2026-09-02 19:53    |kid-objectives| 
2026-09-02 19:53    |kid-objectives| rapporto con campioni: /tmp/kid-objectives-report.json
2026-09-02 19:53    |gestione|    Amundi    HK0000286812 Amundi Hang Seng HK 35 Index ETF - Counter RMB
2026-09-02 19:53    |gestione|    Amundi    HK0000308285 Amundi FTSE China A50 Index ETF - Counter RMB
2026-09-02 19:53    |gestione|    Amundi    HK0000308293 Amundi FTSE China A50 Index ETF - Counter HKD
2026-09-02 19:53    |gestione| 
2026-09-02 19:53    |gestione| golden ✓ (gestione 10/10, replica di riserva 4/4)
2026-09-02 19:53    |gestione| sentinella «Active» nel nome: nessun orfano ✓
2026-09-02 19:53    |gestione| 
2026-09-02 19:53    |gestione| DB: 178 righe aggiornate, 0 errori
2026-09-02 20:30    |bond-metrics|   ✓ golden IE00049TNTV6 (JPMorgan) dur=6.74 media as_of=2026-07-31 rating=6 scad=0
2026-09-02 20:30    |bond-metrics|   ℹ golden IE0007EH5UK6: documento più recente (2026-07-31 ≠ 2026-06-30) → confronto duration saltato (4.26)
2026-09-02 20:30    |bond-metrics|   ✓ golden IE0007EH5UK6 (LGIM) dur=4.26 modificata as_of=2026-07-31 rating=9 scad=8
2026-09-02 20:30    |bond-metrics|   ℹ golden LU0721552973: documento più recente (2026-07-31 ≠ 2026-06-30) → confronto duration saltato (3.47)
2026-09-02 20:30    |bond-metrics|   ✓ golden LU0721552973 (UBS) dur=3.47 modificata as_of=2026-07-31 rating=0 scad=0
2026-09-02 20:30    |bond-metrics|   ✗ GOLDEN LU1285959885 (Amundi): duration 6.42 ≠ 6.64; rating BBB=53.14 non trovato in [{"label":"AAA","pct":0.96},{"label":"AA","pct":5.71},{"label":"A","pct":40.89},{"label":"BBB","pct":51.97},{"label":"Altri","pct":0.47}]; scadenze Breve termine=7.72 non trovato in [{"label":"Breve termine","pct":8.07},{"label":"2 anni","pct":19.7},{"label":"5 anni","pct":18.81},{"label":"7 anni","pct":15.72},{"label":"10 anni","pct":10.21},{"label":"15 anni","pct":6.28},{"label":"20 anni","pct":12.57},{"label":"30 anni","pct":8.66}]
2026-09-02 20:30    |bond-metrics|   ℹ golden IE0003HUCA83: documento più recente (2026-07-31 ≠ 2026-06-30) → confronto duration saltato (6.5)
2026-09-02 20:30    |bond-metrics|   ✓ golden IE0003HUCA83 (Vanguard) dur=6.5 media as_of=2026-07-31 rating=5 scad=7
2026-09-02 20:30    |bond-metrics|   ✓ golden IE0002OP0LA0 (SPDR) dur=2.75 effettiva as_of=2026-07-31 rating=3 scad=5
2026-09-02 20:30    |bond-metrics|   ✓ golden IE0004KLW911 (Xtrackers) dur=6.59 modificata as_of=2026-09-01 rating=0 scad=8
2026-09-02 20:30    |bond-metrics|   ✓ golden IE00004FVB93 (iShares) dur=1.76 effettiva as_of=2026-07-31 rating=5 scad=3
2026-09-02 20:30    |bond-metrics|   ✓ golden IE000ZWSN3F7 (Invesco) dur=3.03 effettiva as_of=2026-07-31 rating=8 scad=7
2026-09-02 20:30    |bond-metrics| golden: 8/9
2026-09-02 20:30    |bond-metrics| golden KO → nessuna scrittura
2026-09-02 20:30    |bond-metrics-sorelle| COMMIT: da scrivere 0 · gruppi discordi 0
2026-09-02 20:30    |bond-metrics-sorelle| scritte 0
2026-09-02 20:33    |td| ripiego su TD dichiarata a 12 mesi: 15
2026-09-02 20:33    |td| COMMIT: 1831 td_1y scritte, 12 azzerate · motivi del trattino: 339 scritti, 7 tolti
2026-09-02 20:33    |td| coperte ritirate per |TD|≥2 (indice non coperto nel feed): 57 — es. Xtrackers IE00028H9QJ8 TD=-2.19 · Xtrackers IE0002EI5AG0 TD=-2.56 · Xtrackers IE000IDLWOL4 TD=-2.55 · Amundi IE000KTD59H4 TD=2.59 · LGIM IE000MINO564 TD=-2.49 · LGIM IE000NA8E2W0 TD=-2.37
2026-09-02 20:35    |td-spdr| 
2026-09-02 20:35    |td-spdr| esito: TD dichiarate 141 · senza pagina 0 · pagina senza dati 35 · scritte 141
2026-09-02 20:35    |kid-xtrackers| esito: 0 fondi da scrivere · senza KID in archivio 0 · KID senza TER leggibile 18 · senza politica 26 · TER: {} · policy: Acc 0 / Dist 0
2026-09-02 20:35    |kid-xtrackers| COMMIT: 0 righe aggiornate
2026-09-02 20:35    |kid-politica|   · 21Shares CH1102728750 21shares Cardano ETP
2026-09-02 20:35    |kid-politica| COMMIT: 0 righe aggiornate
2026-09-02 20:35    |factsheet-aum|   golden IE00BF0M2Z96: USD 781.200.000 vs atteso USD 916.400.000 → ✗
2026-09-02 20:35    |factsheet-aum| golden FALLITO → non scrivo nulla
2026-09-02 20:35  !! factsheet-aum: exit 2 (golden fallito? nulla scritto)
2026-09-02 20:35    |21shares-anagrafica| 21Shares: 58 righe · da lavorare 58 (COMMIT)
2026-09-02 20:35    |21shares-anagrafica| esito: benchmark 0 · kid_url IT 0 · factsheet 0 · righe aggiornate 0
2026-09-02 20:37    |xtrackers-pdp| letti: inception 0 · domicilio 0 · srri 0 · aum 0 · indice 0 · sottostante ETC 0 · ter 0 · aum ETC 0 | vuoti 0 · errori 0 · da scrivere 0
2026-09-02 20:37    |xtrackers-pdp| scritte 0/0
2026-09-02 20:38    |21shares-inception| lette 58 · non trovate 0 · da scrivere 0
2026-09-02 20:38    |21shares-inception| scritte 0/0
2026-09-02 20:39    |sfdr-da-kid|   iShares    8=2 9=0 6-dedotto=12 etc=0
2026-09-02 20:39    |sfdr-da-kid| scritte 587/587
2026-09-02 20:40    |sfdr-da-prospetto| note «non pubblicato dall'emittente» da scrivere: 0
2026-09-02 20:40    |sfdr-da-prospetto| scritte 0/0 · note 0/0
2026-09-02 20:40    |sfdr-normalizza| righe da riscrivere: 938
2026-09-02 20:40    |sfdr-normalizza| scritte 938/938
2026-09-02 20:40    |21shares-ter| 
2026-09-02 20:40    |21shares-ter| esito: TER letti 0 · senza KID 0 · KID senza costo 0 · scritte 0
2026-09-02 20:45    |doc-langs| esito: 3273 fondi con lingua rilevata · KID non-it: 227 · factsheet non-it: 530
2026-09-02 20:45    |doc-langs| colonne _en riempite dal primario inglese: 50
2026-09-02 20:45    |replica-from-kid|   IE000XGYMCA8 (iShares) → Fisica - ottimizzazione (dal KID)  [«…tecniche di ottimizzazione…»]
2026-09-02 20:45    |replica-from-kid|   IE000Z8J6487 (iShares) → Fisica - ottimizzazione (dal KID)  [«…optimising techniques…»]
2026-09-02 20:45    |motore| revalidate motore: HTTP 200
2026-09-02 20:45    |motore| revalidate emittenti: HTTP 200
2026-09-02 20:45    |completezza| 
2026-09-02 20:45    |completezza| eccezioni DICHIARATE (non contano): ticker×140 · bond_metrics×62 · settore_paniere×405 · aum×6 · factsheet×93 · indice×56 · politica×61 · replica×118 · gestione×93 · classe×58 · domicilio×58 · kid_it×1
2026-09-02 20:45    |completezza| [heartbeat] etf-completezza inviato (200)
2026-09-02 20:46    |audit| serie dalla cache (/home/rebalix/cache/etf-series.json, 3271 righe, età 9.1h)
2026-09-02 20:46    |audit| benchmark fermi su classi HEDGED (indice coperto non pubblicato, atteso): 64 — fuori dal conteggio
2026-09-02 20:46    |audit| serie esaminate: 3271 · anomalie DURE: 2 · osservazioni morbide: 17 · benchmark fermi: 47 (attesi ≤ 35)
2026-09-02 20:46    |audit| 
2026-09-02 20:46    |audit| · FR0013346681  [monetario]  Amundi PEA Euro Court Terme UCITS ETF Acc
2026-09-02 20:46    |audit|     → volatilità 5% (soglia 4% per monetario)
2026-09-02 20:46    |audit| · IE0009W21NT4  [azionario]  UBS MSCI World Selection UCITS ETF hEUR acc
2026-09-02 20:46    |audit|     → buco di 146 giorni nella serie
2026-09-02 20:46    |audit| · IE000EPIJ442  [azionario]  UBS Solactive US Listed Gold & Silver Miners UCITS ETF 
2026-09-02 20:46    |audit|     → annualizzato 90%/a (soglia ±80% per azionario)
2026-09-02 20:46    |audit| · IE000F0DNOJ1  [azionario]  UBS MSCI World Selection UCITS ETF hCHF acc
2026-09-02 20:46    |audit|     → buco di 146 giorni nella serie
2026-09-02 20:46    |audit| · IE000PEAJOT0  [azionario]  Amundi MSCI USA ESG Selection UCITS ETF Acc
2026-09-02 20:46    |audit|     → buco di 60 giorni nella serie
2026-09-02 20:46    |audit| · IE000TG1LGI4  [azionario]  UBS MSCI World Selection UCITS ETF USD acc
2026-09-02 20:46    |audit|     → buco di 146 giorni nella serie
2026-09-02 20:46    |audit| · IE00B9MRHC27  [azionario]  Xtrackers Msci Nordic UCITS ETF 1d
2026-09-02 20:46    |audit|     → buco di 148 giorni nella serie
2026-09-02 20:46    |audit| · IE00BPVLQD13  [azionario]  Xtrackers Msci Japan Screened UCITS ETF 1d
2026-09-02 20:46    |audit|     → buco di 53 giorni nella serie
2026-09-02 20:46    |audit| · IE00BQWJFQ70  [multi-asset]  State Street® SPDR® Morningstar Multi-Asset Global Infr
2026-09-02 20:46    |audit|     → buco di 82 giorni nella serie
2026-09-02 20:46    |audit| · IE00BRB36B93  [azionario]  Xtrackers Msci Japan Screened UCITS ETF 3c Eur Hedged
2026-09-02 20:46    |audit|     → buco di 53 giorni nella serie
2026-09-02 20:46    |audit| · LU0290358497  [monetario]  Xtrackers Eur Overnight Rate Swap UCITS ETF 1c
2026-09-02 20:46    |audit|     → buco di 90 giorni nella serie
2026-09-02 20:46    |audit| · LU2109787635  [azionario]  Amundi MSCI EMU SRI Climate Paris Aligned UCITS ETF Acc
2026-09-02 20:46    |audit|     → buco di 60 giorni nella serie
2026-09-02 20:46    |audit| · IE0002TSINW6  [_default]  ?
2026-09-02 20:46    |audit|     → benchmark fermo: indice dell'emittente fino al 2026-06-30 (NAV fino al 2026-08-31) — TD e confronto non pubblicati
2026-09-02 20:46    |audit| · IE00034DN7Y5  [_default]  ?
2026-09-02 20:46    |audit|     → benchmark fermo: indice dell'emittente fino al 2026-06-30 (NAV fino al 2026-08-31) — TD e confronto non pubblicati
2026-09-02 20:46    |audit| · IE0007201266  [_default]  ?
2026-09-02 20:46    |audit|     → benchmark fermo: indice dell'emittente fino al 2026-06-30 (NAV fino al 2026-08-31) — TD e confronto non pubblicati
2026-09-02 20:46    |audit| · IE0007286036  [_default]  ?
2026-09-02 20:46    |audit|     → benchmark fermo: indice dell'emittente fino al 2026-06-30 (NAV fino al 2026-08-31) — TD e confronto non pubblicati
2026-09-02 20:46    |audit| · IE0007471471  [_default]  ?
2026-09-02 20:46    |audit|     → benchmark fermo: indice dell'emittente fino al 2026-06-30 (NAV fino al 2026-08-31) — TD e confronto non pubblicati
2026-09-02 20:46    |audit| ‼ IE00BLF5J545  [obbligazionario]  iShares $ Corp Bond Interest Rate Hedged UCITS ETF
2026-09-02 20:46    |audit|     → tracking difference fuori scala (2022: 5.4 pp · 2023: 6.6 pp · 2024: 6.0 pp · 2025: 4.7 pp) — valuta serie/benchmark hedged/gradino da istruire, o aggiungere a tdQuarantena
2026-09-02 20:46    |audit| ‼ —  [_default]  benchmark fermi: 47 (attesi ≤ 35)
2026-09-02 20:46    |audit|     → un file emittente ha smesso di aggiornare la serie indice: controllare i moduli |bench-ishares|/|bench-invesco| e i feed
2026-09-02 20:46  !! AUDIT: anomalie DURE nelle serie appena ingerite - vedi righe |audit| sopra
2026-09-02 20:46    |audit-bench|   DE0005933923  1 tick (0 ai confini)  es: 2011-05-09
2026-09-02 20:46    |audit-bench|   IE0005QL4147  1 tick (0 ai confini)  es: 2023-04-11
2026-09-02 20:46    |audit-bench|   IE000OHHIBC6  1 tick (0 ai confini)  es: 2025-03-31
2026-09-02 20:46    |audit-bench|   IE000V73IL86  1 tick (0 ai confini)  es: 2025-10-10
2026-09-02 20:46    |audit-bench|   IE00B0M63177  1 tick (0 ai confini)  es: 2025-03-31
2026-09-02 20:46    |audit-bench|   IE00B1YZSC51  1 tick (1 ai confini)  es: 2022-12-30
2026-09-02 20:51    |holdings-xtrackers| Xtrackers da lavorare: 376 (COMMIT)
2026-09-02 20:51    |holdings-xtrackers| 
2026-09-02 20:51    |holdings-xtrackers| esito: ok 375 · senza file 1 · falliti 0
2026-09-02 20:54    |holdings-spdr| SPDR da lavorare: 176 (COMMIT)
2026-09-02 20:54    |holdings-spdr| 
2026-09-02 20:54    |holdings-spdr| esito: ok 169 · senza file 7 · falliti 0
2026-09-02 20:54    |holdings-avantis| Avantis: 6 fondi (COMMIT)
2026-09-02 20:54    |holdings-avantis|   ✓ IE0003R87OG3 1821 pos · as_of 2026-09-01 · top: SM ENERGY CO COMMON STOCK USD. 0.88%
2026-09-02 20:54    |holdings-avantis|   ✓ IE000K975W13 2924 pos · as_of 2026-09-01 · top: TAIWAN SEMICONDUCTOR MANUFAC C 5.27%
2026-09-02 20:54    |holdings-avantis|   ✓ IE000OW54ZX1 2235 pos · as_of 2026-09-01 · top: NVIDIA CORP COMMON STOCK USD.0 5.53%
2026-09-02 20:54    |holdings-avantis|   ✓ IE000RJECXS5 4285 pos · as_of 2026-09-01 · top: NVIDIA CORP COMMON STOCK USD.0 3.74%
2026-09-02 20:54    |holdings-avantis|   ✓ IE000SDFJUU0 1254 pos · as_of 2026-09-01 · top: ASML HOLDING NV NY REG SHS NY  3.08%
2026-09-02 20:54    |holdings-avantis|   ✓ IE000T62NEO6 1313 pos · as_of 2026-09-01 · top: BHP GROUP LTD SPON ADR ADR 3.06%
2026-09-02 20:54    |holdings-avantis| 
2026-09-02 20:54    |holdings-avantis| esito: ok 6 · falliti 0
2026-09-02 21:18    |holdings-invesco|   …275/286
2026-09-02 21:18    |holdings-invesco| 
2026-09-02 21:18    |holdings-invesco| esito: ok 286 · falliti 0
2026-09-02 21:18    |copertura|   ✗ UBS · KID en: 67% mentre la mediana degli emittenti è 100% — modulo mai lanciato o ricetta mancante?
2026-09-02 21:18    |copertura|   ✗ UBS · obiettivi KID en: 67% mentre la mediana degli emittenti è 100% — modulo mai lanciato o ricetta mancante?
2026-09-02 21:18    |copertura|   ✗ UBS · factsheet (it o en): 54% mentre la mediana degli emittenti è 98% — modulo mai lanciato o ricetta mancante?
2026-09-02 21:18    |copertura|   ✗ UBS · composizione: 53% mentre la mediana degli emittenti è 99% — modulo mai lanciato o ricetta mancante?
2026-09-02 21:18    |copertura|   ✗ UBS · TD 1 anno: 18% mentre la mediana degli emittenti è 69% — modulo mai lanciato o ricetta mancante?
2026-09-02 21:18    |copertura|   ✗ Franklin Templeton · freq. distribuzione (Dist): 0% mentre la mediana degli emittenti è 98% — modulo mai lanciato o ricetta mancante?
2026-09-02 21:18    |xetra| 
2026-09-02 21:18    |xetra| esito: TER trovati 0 · AUM trovati 0 · non quotati a Xetra 193 · falliti 0 · righe aggiornate 0
2026-09-02 21:18    |xetra| per emittente: {}
2026-09-02 21:21    |holdings-vanguard| 
2026-09-02 21:21    |holdings-vanguard| esito: ok 78 · falliti 3
2026-09-02 21:22    |holdings-jpm| 
2026-09-02 21:22    |holdings-jpm| esito: ok 96 · senza posizioni 0 · falliti 0
2026-09-02 21:22    |holdings-lgim| 
2026-09-02 21:22    |holdings-lgim| esito: ok 66 · senza pdf 3 · falliti 1
2026-09-02 21:23    |holdings-ubs| 
2026-09-02 21:23    |holdings-ubs| esito: ok 137 · senza pdf 191 · falliti 91
2026-09-02 21:24    |holdings-amundi| 
2026-09-02 21:24    |holdings-amundi| esito: ok 586 · senza pdf 54 · falliti 18
2026-09-02 21:24    |dividendi-vanguard| 
2026-09-02 21:24    |dividendi-vanguard| esito: ok 32 · senza distribuzioni 49 · falliti 0
2026-09-02 21:43    |dividendi-ishares| 
2026-09-02 21:43    |dividendi-ishares| esito: ok 373 · senza cedole 19 · falliti 0
2026-09-02 21:43    |dividendi-spdr| dalla più antica 2011-07-29 alla più recente 2026-09-01
2026-09-02 21:43    |dividendi-spdr| upsert completato: 1227 righe
2026-09-02 21:45    |dividendi-xtrackers| 
2026-09-02 21:45    |dividendi-xtrackers| esito: ok 103 (1637 cedole) · senza tabella 2 · falliti 0
2026-09-02 21:45    |dividendi-amundi| 
2026-09-02 21:45    |dividendi-amundi| esito: ok 210 (1700 cedole) · senza stacchi 455 · falliti 0
2026-09-02 21:45    |dividendi-ubs| 
2026-09-02 21:45    |dividendi-ubs| esito: ok 81 (1635 cedole) · senza stacchi 1 · falliti 0
2026-09-02 21:46    |dividendi-jpm| 
2026-09-02 21:46    |dividendi-jpm| esito: ok 16 (376 cedole) · senza stacchi 1 · falliti 0
2026-09-02 21:46    |dividendi-borsaitaliana| 
2026-09-02 21:46    |dividendi-borsaitaliana| esito: ok 1 (29 cedole) · senza stacchi 6 · stacchi senza importo su BI 0 (scartati) · falliti 0 · coda fuori Milano 36
2026-09-02 21:46    |dividendi-invesco| DB: 458 cedole upsertate su 32 fondi
2026-09-02 21:46    |dividendi-invesco| esito: fondi con deduzione 99 · senza 5 · da scrivere 32 fondi / 458 cedole
2026-09-02 21:46    |holdings-history| foto 2026-09-01 (COMMIT) · già presenti: 0
2026-09-02 21:46    |holdings-history| esito: 2908 fondi letti · 2908 fotografati
2026-09-02 21:46    |holdings-history| verifica: 2908 righe nella foto 2026-09-01
2026-09-02 21:46    |anteprima-cambi| fotografie mensili: 1 (2026-08) · ultima 2026-08 con 2822 fondi
2026-09-02 21:46    |anteprima-cambi| meno di 2 foto: niente email (giusto così)
2026-09-02 21:46    |esma-mmf| registro ESMA MMF: 672 fondi
2026-09-02 21:46    |esma-mmf| ISIN dichiarati: 2166 · record senza ISIN (match per nome): 143
2026-09-02 21:46    |esma-mmf| 
2026-09-02 21:46    |esma-mmf| incroci col censimento: 4 (4 Authorised) → lib/esma-mmf.json
2026-09-02 21:46    |esma-mmf|   ✓ LU3178805456  Standard VNAV · Authorised · match isin  «AMUNDI INDEX SOLUTIONS - AMUNDI EUR CASH ACTIVE»
2026-09-02 21:46    |esma-mmf|   ✓ IE000AFVKJZ0  Short-term VNAV · Authorised · match nome  «Vanguard EUR Cash UCITS ETF»
2026-09-02 21:46    |esma-mmf|   ✓ IE000JJPY166  Short-term VNAV · Authorised · match nome  «iShares EUR Cash UCITS ETF»
2026-09-02 21:46    |esma-mmf|   ✓ IE000SOORXS0  Short-term VNAV · Authorised · match nome  «Vanguard EUR Cash UCITS ETF»
2026-09-02 21:46    |esma-mmf| json committato · pull ok · push ok
2026-09-02 21:46    |golden-esterno| ↳ despike justETF su SWDA: 31 blip di 1 giorno ≥2 tick (prezzo 126.83, tick 0.01%) tolti dalla LORO serie
2026-09-02 21:46    |golden-esterno| ✓ SWDA    1a +20.3%|+20.5% · YTD +13.9%|+14.1% · MAX +655.1%|+656.5% · DD -33.9%|-33.9%
2026-09-02 21:46    |golden-esterno|   ↳ despike justETF su VWCE: 8 blip di 1 giorno ≥2 tick (prezzo 166.83, tick 0.01%) tolti dalla LORO serie
2026-09-02 21:46    |golden-esterno| ✓ VWCE    1a +22.4%|+22.4% · YTD +15.3%|+15.3% · MAX +132.5%|+132.6% · DD -33.5%|-33.5%
2026-09-02 21:46    |golden-esterno|   ↳ despike justETF su VNGA60: 39 blip di 1 giorno ≥2 tick (prezzo 36.89, tick 0.03%) tolti dalla LORO serie
2026-09-02 21:46    |golden-esterno| ✓ VNGA60  1a +12.9%|+13.2% · YTD +8.2%|+8.5% · MAX +47.2%|+48.2% · DD -15.2%|-15.4%
2026-09-02 21:46    |golden-esterno|   ↳ despike justETF su VAGF: 86 blip di 1 giorno ≥2 tick (prezzo 23.39, tick 0.04%) tolti dalla LORO serie
2026-09-02 21:46    |golden-esterno| ✓ VAGF    1a -0.7%|-0.9% · YTD -1.5%|-1.4% · MAX -6.4%|-6.4% · DD -19.6%|-19.5%
2026-09-02 21:46    |golden-esterno|   ↳ despike justETF su AGGH: 42 blip di 1 giorno ≥2 tick (prezzo 4.87, tick 0.21%) tolti dalla LORO serie
2026-09-02 21:46    |golden-esterno| ✓ AGGH    1a -0.2%|-0.8% · YTD -1.0%|-1.0% · MAX -2.4%|-2.4% · DD -17.8%|-17.8%
2026-09-02 21:46    |golden-esterno|   ↳ despike justETF su SGLN: 37 blip di 1 giorno ≥2 tick (prezzo 73.15, tick 0.01%) tolti dalla LORO serie
2026-09-02 21:46    |golden-esterno| ✓ SGLN    1a +27.5%|+27.9% · YTD +2.4%|+2.6% · MAX +256.9%|+259.0% · DD -37.4%|-37.2%
2026-09-02 21:46    |golden-esterno|   ↳ despike justETF su ORO-AM: 7 blip di 1 giorno ≥2 tick (prezzo 149.39, tick 0.01%) tolti dalla LORO serie
2026-09-02 21:46    |golden-esterno| ✓ ORO-AM  1a +35.6%|+35.6% · YTD +7.7%|+7.7% · MAX +243.7%|+239.6% · DD -23.4%|-23.4%
2026-09-02 21:46    |golden-esterno| 
2026-09-02 21:46    |golden-esterno| golden esterno ✓ (metriche entro tolleranza sul roster)
2026-09-02 21:46  [heartbeat] inviato (200)
2026-10-02 07:45  lancio: /usr/bin/node scripts/ingest-etf-registry.mjs --commit
2026-10-02 08:06    | → 21shares…
2026-10-02 08:06    |   21shares: 60 righe, 0 con benchmark  ✓
2026-10-02 08:06    | → avantis…
2026-10-02 08:06    |   avantis: 6 righe, 6 con benchmark  ✓
2026-10-02 08:06    | → invesco…
2026-10-02 08:06    |   …invesco 50/300
2026-10-02 08:06    |   …invesco 100/300
2026-10-02 08:06    |   …invesco 150/300
2026-10-02 08:06    |   …invesco 200/300
2026-10-02 08:06    |   …invesco 250/300
2026-10-02 08:06    |   …invesco 300/300
2026-10-02 08:06    |   invesco: 300 righe, 299 con benchmark  ✓
2026-10-02 08:06    | → franklin…
2026-10-02 08:06    |   franklin: 48 righe, 48 con benchmark  ✓
2026-10-02 08:06    | 
2026-10-02 08:06    | Totale: 3780 righe, 3600 con benchmark, 1940 indici distinti
2026-10-02 08:06    | Snapshot righe: /tmp/etf-registry-dry/registry-rows.json
2026-10-02 08:06    |   aum_eur: 2026/2026 convertiti dai cambi BCE (GBP, USD, EUR, JPY, CHF, SEK, MXN, NZD, NOK, SGD, AUD, HKD)
2026-10-02 08:06    |   ↳ UBS CH0105994401: colonna 0.97 / flat 0.25 / KID 1.04 → COLLISIONE: KID non coincide con nessuna delle due, resta la colonna (fonte primaria), non arbitrato
2026-10-02 08:06    |   ↳ UBS CH0124758522: colonna 0.79 / flat 0.25 / KID 0.82 → COLLISIONE: KID non coincide con nessuna delle due, resta la colonna (fonte primaria), non arbitrato
2026-10-02 08:06    |   DB: 3780 righe upsertate · guardia anti-cancellazione: conservati raw.bondMetricsSorella×59, replication×1403, raw.sfdrFonte×3248, raw.tdNote×339, sfdr×706, raw.docNote×74, ter×434, distribution_policy×391, aum_eur×676, aum×670, aum_currency×670, aum_as_of×439, srri×373, domicile×376, inception_date×434, asset_class×944, raw.politicaFonte×26, benchmark_raw×60, raw.nomeDaApi×3 (il feed diceva null, la tabella aveva un valore)
2026-10-02 08:06    |   memoria: 3799 fotografie nuove per 2026-10 in etf_registry_history
2026-10-02 08:06    |   archivio: snapshot 2026-10 in /home/rebalix/backups/rebalix-etf-registry-archivio/snapshots/2026-10
2026-10-02 08:06    | 
2026-10-02 08:06    | ✓ Ingest completato.
2026-10-02 08:06  esito: exit=0, emittenti ok=13/13
2026-10-02 08:06    |etc|   ✓ DE000A2UDH63 Xtrackers IE Physical Platinum EUR Hedged ETC Se — fee 0,73% EUR Metalli preziosi
2026-10-02 08:06    |etc|   ✓ DE000A1E0HS6 Xtrackers Physical Silver ETC (EUR) — fee 0,40% USD Metalli preziosi
2026-10-02 08:06    |etc|   ✓ CH1492505164 Xtrackers Galaxy MSCI Physical Crypto Market ETC — fee 0,65% USD DIGITAL ASSET
2026-10-02 08:06    |etc| Xtrackers ETC scritti: 18/18
2026-10-02 08:51    |kid| promuovi-eventi — COMMIT
2026-10-02 08:51    |kid| eventi in esame: 0 → verified 0 · dismissed 0 · needs_review 0 (—) · restano detected 0
2026-10-02 08:51    |kid| 
2026-10-02 08:51    |kid| ✓ promotore: 0/0 eventi aggiornati
2026-10-02 08:51    |classif|   orfano → regione: Invesco IE00068R3DX9 «Invesco Japan Enhanced Equity UCITS ETF Acc»
2026-10-02 08:51    |classif|   orfano → regione: Franklin Templeton IE000ZOKLHY7 «Solactive Sustainable Food Index-NR»
2026-10-02 08:51    |classif| ATTESA regione azionaria: 99.8% (1720/1723)
2026-10-02 08:51    |classif| ✓ attese rispettate
2026-10-02 09:45    |listings| 
2026-10-02 09:45    |listings| Fatto: 3355 ISIN con listing, 443 senza documenti FIRDS, 0 falliti; 107458 righe scritte
2026-10-02 09:45    |listings| Listing non-attivi visti: 30689
2026-10-02 11:34    |series|   serie dal DB: 2025
2026-10-02 11:34    |series|   serie dal DB: 2525
2026-10-02 11:34    |series|   serie dal DB: 3025
2026-10-02 11:34    |series|   cache serie riscritta: 3291 righe → /home/rebalix/cache/etf-series.json
2026-10-02 11:49    |bench-ishares|   ✗ IE00095FLAP4 pagina: HTTP 404
2026-10-02 11:49    |bench-ishares| 
2026-10-02 11:49    |bench-ishares| esito: bench dalla pagina 0 [via API UK 210 · API UK ko 0] · senza pagina/ajax 41 [pid assente 0 · HTTP 404 29 · altri HTTP 0 · pagina senza grafico 12] · pagina senza bench 26 · discordi 0 · hedged saltate 209 · scritte 0
2026-10-02 11:57    |bench-invesco| 
2026-10-02 11:57    |bench-invesco| esito: indice dal rolling 6 · senza indice 25 · falliti 0 · discordi 0 · hedged saltate 45 · scritte 6
2026-10-02 11:57    |bench-invesco| cache serie riscritta
2026-10-02 12:10    |distfreq|   Franklin dichiarate: 0
2026-10-02 12:10    |distfreq| frequenze pronte: 795 — scritte (solo dove mancava): 795
2026-10-02 12:49    |lending| prestito dichiarato: 7 — frase assente: 974 — KID non raggiunti: 5
2026-10-02 12:49    |lending| golden UBS ✓ (dichiara il prestito)
2026-10-02 12:53    |kidrisk| rischio estratto: 11 — KID letti senza numero: 203 — non raggiunti: 37
2026-10-02 12:53    |kidrisk| golden CSPX ✓ (rischio 4)
2026-10-02 13:55    |declared| aggiornati: 31 — azzerati (nessuna fonte): 13 — iShares non letti: 91
2026-10-02 13:55    |declared|   borse fuori mappa (tenute col nome originale): Bolsa De Valores De Colombia×41, Santiago Stock Exchange×98, Cboe Europe×46, Bolsa Institucional de Valores×59, BATS Chi-X Europe×4, Tel Aviv Stock Exchange×23
2026-10-02 13:55    |declared| golden ✓ MDAX=["SIX Zurigo","Xetra"] CSPX=["Bolsa De Valores De Colombia","Bolsa Mexicana","Borsa Italiana","Euronext Amsterdam","Londra (LSE)","SIX Zurigo","Santiago Stock Exchange","Tel Aviv Stock Exchange","Xetra"]
2026-10-02 13:58    |venues|   CH1492505164/XETA: XBSE → XBSK
2026-10-02 13:58    |venues|   CH1492505164/XETU: XBSE → XBSK
2026-10-02 14:47    |tickers| collaudo whitelist↔openfigi: 22680 confronti, 532 divergenze (2.3%)
2026-10-02 14:47    |tickers| scritte 40209 righe
2026-10-02 14:47    |tickers| mappa tarata salvata in /tmp/figi-mic-map.json
2026-10-02 14:47    |fondo| 
2026-10-02 14:47    |fondo| ✓ etf_fund: 1864 fondi upsertati, 2 orfani cancellati · etf_registry.fund_id: 24 classi scritte, 3210 già giuste
2026-10-02 14:48    |listing-emittente| 
2026-10-02 14:48    |listing-emittente| ✓ 663 righe aggiornate · 38 righe nuove · 0 righe nate dal feed portate a terminated (sede corroborabile senza FIRDS attiva)
2026-10-02 14:48    |linee| in tabella prima: 3995
2026-10-02 14:48    |linee| ✗ contatori mancate, lotto 0: null value in column "isin" of relation "etf_listing_lines" violates not-null constraint
2026-10-02 14:48    |whitelist-ticker| 
2026-10-02 14:48    |whitelist-ticker| ✓ whitelist-ticker: 0 righe aggiornate (ticker 0, mappa 0) · valori esistenti toccati dal riempimento 0 · correzioni dichiarato 0 · correzioni IOB 0 · correzioni Milano non corroborata 0 · conflitti residui visibili 0
2026-10-02 15:18    |documents|   lingueMancanti: 168 slot con lingua non-madre da ricontrollare
2026-10-02 15:18    |documents| LingueMancanti: 0 fondi con documenti (65s)
2026-10-02 18:22    |doc-archive|     non raggiungibile  https://www.ubs.com/2/e/priip/PRIIPSEU_LU3254394912_en_IE.pdf
2026-10-02 18:22    |doc-archive|     non raggiungibile  https://www.ubs.com/2/e/priip/PRIIPSEU_LU3254395307_en_IE.pdf
2026-10-02 18:28    |kid-objectives| Invesco      ok  292/298 · EN ufficiale  292 (senza: 0)  marcatore inizio×1 · sezione corta×5
2026-10-02 18:28    |kid-objectives| JPMorgan     ok   96/96 · EN ufficiale   96 (senza: 0)  
2026-10-02 18:28    |kid-objectives| LGIM         ok   71/71 · EN ufficiale   71 (senza: 0)  
2026-10-02 18:28    |kid-objectives| SPDR         ok  176/176 · EN ufficiale  176 (senza: 0)  
2026-10-02 18:28    |kid-objectives| UBS          ok  422/422 · EN ufficiale  281 (senza: 141)  
2026-10-02 18:28    |kid-objectives| Vanguard     ok  140/140 · EN ufficiale  137 (senza: 3)  
2026-10-02 18:28    |kid-objectives| Xtrackers    ok  394/394 · EN ufficiale  394 (senza: 0)  
2026-10-02 18:28    |kid-objectives| iShares      ok  911/911 · EN ufficiale  911 (senza: 0)  
2026-10-02 18:28    |kid-objectives| 
2026-10-02 18:28    |kid-objectives| rapporto con campioni: /tmp/kid-objectives-report.json
2026-10-02 18:28    |gestione|    Amundi    HK0000286812 Amundi Hang Seng HK 35 Index ETF - Counter RMB
2026-10-02 18:28    |gestione|    Amundi    HK0000308285 Amundi FTSE China A50 Index ETF - Counter RMB
2026-10-02 18:28    |gestione|    Amundi    HK0000308293 Amundi FTSE China A50 Index ETF - Counter HKD
2026-10-02 18:28    |gestione| 
2026-10-02 18:28    |gestione| golden ✓ (gestione 10/10, replica di riserva 4/4)
2026-10-02 18:28    |gestione| sentinella «Active» nel nome: nessun orfano ✓
2026-10-02 18:28    |gestione| 
2026-10-02 18:28    |gestione| DB: 24 righe aggiornate, 0 errori
2026-10-02 19:05    |bond-metrics|   ℹ golden LU0721552973: documento più recente (2026-08-31 ≠ 2026-06-30) → confronto duration saltato (3.45)
2026-10-02 19:05    |bond-metrics|   ✓ golden LU0721552973 (UBS) dur=3.45 modificata as_of=2026-08-31 rating=0 scad=0
2026-10-02 19:05    |bond-metrics|   ℹ golden LU1285959885: documento più recente (2026-08-31 ≠ 2026-06-30) → confronto duration saltato (6.42)
2026-10-02 19:05    |bond-metrics|   ✓ golden LU1285959885 (Amundi) dur=6.42 modificata as_of=2026-08-31 rating=6 scad=8
2026-10-02 19:05    |bond-metrics|   ℹ golden IE0003HUCA83: documento più recente (2026-08-31 ≠ 2026-06-30) → confronto duration saltato (6.5)
2026-10-02 19:05    |bond-metrics|   ✓ golden IE0003HUCA83 (Vanguard) dur=6.5 media as_of=2026-08-31 rating=5 scad=7
2026-10-02 19:05    |bond-metrics|   ℹ golden IE0002OP0LA0: documento più recente (2026-08-31 ≠ 2026-07-31) → confronto duration saltato (2.69)
2026-10-02 19:05    |bond-metrics|   ✓ golden IE0002OP0LA0 (SPDR) dur=2.69 effettiva as_of=2026-08-31 rating=2 scad=5
2026-10-02 19:05    |bond-metrics|   ✓ golden IE0004KLW911 (Xtrackers) dur=6.39 modificata as_of=2026-10-01 rating=0 scad=8
2026-10-02 19:05    |bond-metrics|   ✓ golden IE00004FVB93 (iShares) dur=1.69 effettiva as_of=2026-08-31 rating=5 scad=3
2026-10-02 19:05    |bond-metrics|   ℹ golden IE000ZWSN3F7: documento più recente (2026-08-31 ≠ 2026-07-31) → confronto duration saltato (3)
2026-10-02 19:05    |bond-metrics|   ✓ golden IE000ZWSN3F7 (Invesco) dur=3 effettiva as_of=2026-08-31 rating=9 scad=7
2026-10-02 19:05    |bond-metrics| golden: 9/10
2026-10-02 19:05    |bond-metrics| golden KO → nessuna scrittura
2026-10-02 19:05    |bond-metrics-sorelle|   IE000TCMASP9 iShares $ EM Bond Active UCITS ETF                   ← IE000D9S4LT3 (dur 5.96 effettiva)
2026-10-02 19:05    |bond-metrics-sorelle|   IE000VXEZ486 iShares Global Securitised Index Fund (IE)           ← IE00000IFTU0 (dur 5.27987 )
2026-10-02 19:05    |bond-metrics-sorelle| COMMIT: da scrivere 3 · gruppi discordi 0
2026-10-02 19:05    |bond-metrics-sorelle| scritte 3
2026-10-02 19:07    |td| ripiego su TD dichiarata a 12 mesi: 16
2026-10-02 19:07    |td| COMMIT: 2137 td_1y scritte, 23 azzerate · motivi del trattino: 189 scritti, 15 tolti
2026-10-02 19:07    |td| coperte ritirate per |TD|≥2 (indice non coperto nel feed): 69 — es. Amundi IE0000CRTTJ9 TD=-2.37 · Xtrackers IE0000MMQ5M5 TD=-2.72 · iShares IE0001JK8FV4 TD=2.15 · Xtrackers IE00028H9QJ8 TD=-2.05 · Xtrackers IE0002EI5AG0 TD=-2.33 · Xtrackers IE000IDLWOL4 TD=-2.28
2026-10-02 19:10    |td-spdr| 
2026-10-02 19:10    |td-spdr| esito: TD dichiarate 143 · soppresse {"classe-coperta-indice-non-coperto":1} · zeri tolti 0 · quarantena 1 · senza pagina 0 · pagina senza dati 32 · scritte 144
2026-10-02 19:10    |kid-xtrackers| esito: 0 fondi da scrivere · senza KID in archivio 0 · KID senza TER leggibile 18 · senza politica 26 · TER: {} · policy: Acc 0 / Dist 0
2026-10-02 19:10    |kid-xtrackers| COMMIT: 0 righe aggiornate
2026-10-02 19:10    |kid-politica|   · 21Shares CH1102728750 21shares Cardano ETP
2026-10-02 19:10    |kid-politica| COMMIT: 0 righe aggiornate
2026-10-02 19:10    |factsheet-aum|   golden IE00BF0M2Z96: USD 820.200.000 vs atteso USD 916.400.000 → ✗
2026-10-02 19:10    |factsheet-aum| golden FALLITO → non scrivo nulla
2026-10-02 19:10  !! factsheet-aum: exit 2 (golden fallito? nulla scritto)
2026-10-02 19:10    |21shares-anagrafica|   CH1608218819 ETHFI  {"benchmark_raw":"Prezzo di riferimento di ETHFI — CCData Aggregated Index (fonte: 21Shares)","kid_url":"https://cdn.21shares.com/uploads/product_documents/KIDS/ETHFI_CH1608218819_it.pdf","factsheet_url":"https://cdn.21shares.com/uploads/current-documents/factsheets/all/Factsheet_ETHFI.pdf"}
2026-10-02 19:10    |21shares-anagrafica| esito: benchmark 2 · kid_url IT 2 · factsheet 2 · righe aggiornate 2
2026-10-02 19:12    |xtrackers-pdp| letti: inception 0 · domicilio 0 · srri 0 · aum 0 · indice 0 · sottostante ETC 0 · ter 0 · aum ETC 0 | vuoti 0 · errori 0 · da scrivere 376
2026-10-02 19:12    |xtrackers-pdp| scritte 376/376
2026-10-02 19:14    |21shares-inception| lette 60 · non trovate 0 · da scrivere 2
2026-10-02 19:14    |21shares-inception| scritte 2/2
2026-10-02 19:16    |sfdr-da-kid|   LGIM       8=0 9=0 6-dedotto=1 etc=0
2026-10-02 19:16    |sfdr-da-kid| scritte 593/593
2026-10-02 19:16    |sfdr-da-prospetto| note «non pubblicato dall'emittente» da scrivere: 0
2026-10-02 19:16    |sfdr-da-prospetto| scritte 0/0 · note 0/0
2026-10-02 19:16    |sfdr-normalizza| righe da riscrivere: 884
2026-10-02 19:16    |sfdr-normalizza| scritte 884/884
2026-10-02 19:16    |21shares-ter| 
2026-10-02 19:16    |21shares-ter| esito: TER letti 2 · senza KID 0 · KID senza costo 0 · scritte 2
2026-10-02 19:21    |doc-langs| esito: 3290 fondi con lingua rilevata · KID non-it: 227 · factsheet non-it: 551
2026-10-02 19:21    |doc-langs| colonne _en riempite dal primario inglese: 0
2026-10-02 19:21    |replica-from-kid|   IE000A4VTN36 (iShares) → Fisica - ottimizzazione (dal KID)  [«…tecniche di ottimizzazione…»]
2026-10-02 19:21    |replica-from-kid|   IE000N40JO74 (iShares) → Gestione attiva (dal KID)  [«…gestito in modo attiv…»]
2026-10-02 19:21    |benchmark-da-kid| 
2026-10-02 19:21    |benchmark-da-kid| senza benchmark esaminati: 59 · indice trovato nel KID: 0 · scritte: 0
2026-10-02 19:21    |motore| revalidate motore: HTTP 200
2026-10-02 19:21    |motore| revalidate emittenti: HTTP 200
2026-10-02 19:21    |completezza| 
2026-10-02 19:21    |completezza| eccezioni DICHIARATE (non contano): ticker×136 · bond_metrics×32 · aum×3 · factsheet×85 · indice×59 · politica×63 · replica×122 · gestione×95 · classe×60 · domicilio×60 · kid_it×2
2026-10-02 19:21    |completezza| [heartbeat] etf-completezza inviato (200)
2026-10-02 19:22    |audit| serie dalla cache (/home/rebalix/cache/etf-series.json, 3291 righe, età 7.4h)
2026-10-02 19:22    |audit| benchmark fermi su classi HEDGED (indice coperto non pubblicato, atteso): 64 — fuori dal conteggio
2026-10-02 19:22    |audit| benchmark fermi su FONDI COMUNI (mensile pubblicato in ritardo dall'emittente, atteso): 44 — fuori dal conteggio
2026-10-02 19:22    |audit| serie esaminate: 3291 · anomalie DURE: 0 · osservazioni morbide: 14 · benchmark fermi: 3 (attesi ≤ 35)
2026-10-02 19:22    |audit| 
2026-10-02 19:22    |audit| · FR0013346681  [monetario]  Amundi PEA Euro Court Terme UCITS ETF Acc
2026-10-02 19:22    |audit|     → volatilità 5% (soglia 4% per monetario)
2026-10-02 19:22    |audit| · IE0009W21NT4  [azionario]  UBS MSCI World Selection UCITS ETF hEUR acc
2026-10-02 19:22    |audit|     → buco di 146 giorni nella serie
2026-10-02 19:22    |audit| · IE000F0DNOJ1  [azionario]  UBS MSCI World Selection UCITS ETF hCHF acc
2026-10-02 19:22    |audit|     → buco di 146 giorni nella serie
2026-10-02 19:22    |audit| · IE000PEAJOT0  [azionario]  Amundi MSCI USA ESG Selection UCITS ETF Acc
2026-10-02 19:22    |audit|     → buco di 60 giorni nella serie
2026-10-02 19:22    |audit| · IE000TG1LGI4  [azionario]  UBS MSCI World Selection UCITS ETF USD acc
2026-10-02 19:22    |audit|     → buco di 146 giorni nella serie
2026-10-02 19:22    |audit| · IE00B9MRHC27  [azionario]  Xtrackers Msci Nordic UCITS ETF 1d
2026-10-02 19:22    |audit|     → buco di 148 giorni nella serie
2026-10-02 19:22    |audit| · IE00BPVLQD13  [azionario]  Xtrackers Msci Japan Screened UCITS ETF 1d
2026-10-02 19:22    |audit|     → buco di 53 giorni nella serie
2026-10-02 19:22    |audit| · IE00BQWJFQ70  [multi-asset]  State Street® SPDR® Morningstar Multi-Asset Global Infr
2026-10-02 19:22    |audit|     → buco di 82 giorni nella serie
2026-10-02 19:22    |audit| · IE00BRB36B93  [azionario]  Xtrackers Msci Japan Screened UCITS ETF 3c Eur Hedged
2026-10-02 19:22    |audit|     → buco di 53 giorni nella serie
2026-10-02 19:22    |audit| · LU0290358497  [monetario]  Xtrackers Eur Overnight Rate Swap UCITS ETF 1c
2026-10-02 19:22    |audit|     → buco di 90 giorni nella serie
2026-10-02 19:22    |audit| · LU2109787635  [azionario]  Amundi MSCI EMU SRI Climate Paris Aligned UCITS ETF Acc
2026-10-02 19:22    |audit|     → buco di 60 giorni nella serie
2026-10-02 19:22    |audit| · LU0292108619  [azionario]  Xtrackers Msci Em Latin America Swap UCITS ETF 1c
2026-10-02 19:22    |audit|     → benchmark fermo: indice dell'emittente fino al 2026-05-29 (NAV fino al 2026-09-30) — TD e confronto non pubblicati
2026-10-02 19:22    |audit| · LU0322252338  [azionario]  Xtrackers Msci Pacific Ex Japan UCITS ETF 1c
2026-10-02 19:22    |audit|     → benchmark fermo: indice dell'emittente fino al 2026-06-08 (NAV fino al 2026-09-30) — TD e confronto non pubblicati
2026-10-02 19:22    |audit| · LU2090062352  [monetario]  Amundi USD Fed Funds Rate UCITS ETF Dist
2026-10-02 19:22    |audit|     → benchmark fermo: indice dell'emittente fino al 2026-04-20 (NAV fino al 2026-10-01) — TD e confronto non pubblicati
2026-10-02 19:22    |audit-bench|   DE0005933923  1 tick (0 ai confini)  es: 2011-05-09
2026-10-02 19:22    |audit-bench|   IE0005QL4147  1 tick (0 ai confini)  es: 2023-04-11
2026-10-02 19:22    |audit-bench|   IE000OHHIBC6  1 tick (0 ai confini)  es: 2025-03-31
2026-10-02 19:22    |audit-bench|   IE000V73IL86  1 tick (0 ai confini)  es: 2025-10-10
2026-10-02 19:22    |audit-bench|   IE00B0M63177  1 tick (0 ai confini)  es: 2025-03-31
2026-10-02 19:22    |audit-bench|   IE00B1YZSC51  1 tick (1 ai confini)  es: 2022-12-30
2026-10-02 19:27    |holdings-xtrackers|   archivio raw dws-constituent-export: 375 salvati (13.2 MB grezzi) · 0 già presenti → /home/rebalix/backups/rebalix-raw-archivio/dws-constituent-export
2026-10-02 19:27    |holdings-xtrackers| 
2026-10-02 19:27    |holdings-xtrackers| esito: ok 375 · senza file 1 · falliti 0
2026-10-02 19:30    |holdings-spdr|   archivio raw spdr-holdings-daily: 168 salvati (18.1 MB grezzi) · 1 già presenti → /home/rebalix/backups/rebalix-raw-archivio/spdr-holdings-daily
2026-10-02 19:30    |holdings-spdr| 
2026-10-02 19:30    |holdings-spdr| esito: ok 169 · senza file 7 · falliti 0
2026-10-02 19:30    |holdings-avantis| Avantis: 6 fondi (COMMIT)
2026-10-02 19:30    |holdings-avantis|   ✓ IE0003R87OG3 1866 pos · as_of 2026-10-01 · top: LEAR CORP COMMON STOCK USD.01 0.63%
2026-10-02 19:30    |holdings-avantis|   ✓ IE000K975W13 3051 pos · as_of 2026-10-01 · top: SAMSUNG ELECTR GDR REG S GDR 5.7%
2026-10-02 19:30    |holdings-avantis|   ✓ IE000OW54ZX1 2286 pos · as_of 2026-10-01 · top: NVIDIA CORP COMMON STOCK USD.0 5.86%
2026-10-02 19:30    |holdings-avantis|   ✓ IE000RJECXS5 4343 pos · as_of 2026-10-01 · top: NVIDIA CORP COMMON STOCK USD.0 4.08%
2026-10-02 19:30    |holdings-avantis|   ✓ IE000SDFJUU0 1269 pos · as_of 2026-10-01 · top: ASML HOLDING NV NY REG SHS NY  3.4%
2026-10-02 19:30    |holdings-avantis|   ✓ IE000T62NEO6 1373 pos · as_of 2026-10-01 · top: BHP GROUP LTD SPON ADR ADR 2.51%
2026-10-02 19:30    |holdings-avantis| 
2026-10-02 19:30    |holdings-avantis| esito: ok 6 · falliti 0
2026-10-02 19:52    |holdings-invesco|   archivio raw invesco-dng-api: 290 salvati (8.7 MB grezzi) · 1 già presenti → /home/rebalix/backups/rebalix-raw-archivio/invesco-dng-api
2026-10-02 19:52    |holdings-invesco| 
2026-10-02 19:52    |holdings-invesco| esito: ok 291 · falliti 0
2026-10-02 19:52    |copertura|   · UBS · obiettivi KID en: 67% (atteso: idem: obiettivi KID en col modulo documenti del 2/10 — attesa fino al 2026-10-03)
2026-10-02 19:52    |copertura|   · UBS · factsheet (it o en): 54% (atteso: idem: factsheet col modulo documenti del 2/10 — attesa fino al 2026-10-03)
2026-10-02 19:52    |copertura|   · JPMorgan · TD 1 anno: 0% (atteso: niente serie-indice nel feed JPM)
2026-10-02 19:52    |copertura|   · Avantis · TD 1 anno: 0% (atteso: attivi: TD non pertinente)
2026-10-02 19:52    |copertura| 
2026-10-02 19:52    |copertura| ✓ nessun buco di copertura non dichiarato
2026-10-02 19:53    |xetra| 
2026-10-02 19:53    |xetra| esito: TER trovati 0 · AUM trovati 2 · non quotati a Xetra 190 · falliti 0 · righe aggiornate 2
2026-10-02 19:53    |xetra| per emittente: {"LGIM":1,"Xtrackers":1}
2026-10-02 20:32    |holdings-ishares| esito: perimetro 912 = 896 fotografabili + 9 fondi di fondi (SOURCE_NOT_LOOKTHROUGH, non scritti) + 0 senza data ammissibile (non scritti, fotografia non rinnovata) + 7 senza componente/falliti · 896 scritte
2026-10-02 20:32    |holdings-ishares|   date (target 2026-09-30, ripiego ≤ 5 giorni all'indietro): FINE_MESE 905
2026-10-02 20:32    |holdings-ishares|   fondi di fondi → IE00BLB2GQ94, IE00BLB2GS19, IE00BLB2GT26, IE00BLLZQ797, IE00BLLZQ805, IE00BLLZQ912, IE00BLLZQS08, IE00BLP53M98, IE00BLP53N06
2026-10-02 20:32    |holdings-ishares|   1. in banda 97–103 con holdingPercent: 896 / 896
2026-10-02 20:32    |holdings-ishares|   2. al tetto di 20000 righe (elenco troncato): 9 → IE000E5H5AN1, IE000FHBZDZ8, IE00B3F81409, IE00BDBRDM35, IE00BF540Y54, IE00BJBLQB74, IE00BMGNVD65, IE00BYV3HN70, IE00BZ043R46
2026-10-02 20:32    |holdings-ishares|   3. massa osservata: min 100.000 · mediana 100.000 · max 100.780
2026-10-02 20:32    |holdings-ishares|   4. ancora < 97 o > 103 a precisione piena: 0
2026-10-02 20:32    |holdings-ishares|   stati: AGGREGATED_COMPLETE 893 · ABSENT 3 · Top Issuers dichiarati presenti: 414 · cedola per posizione: 426 fondi
2026-10-02 20:32    |holdings-ishares|   scritto /home/rebalix/backups/rebalix-edizioni/2026-10/acquisizione/ishares-api.json
2026-10-02 20:35    |holdings-vanguard| 
2026-10-02 20:35    |holdings-vanguard| esito: ok 81 · falliti 0
2026-10-02 20:36    |holdings-jpm| 
2026-10-02 20:36    |holdings-jpm| esito: ok 96 · senza posizioni 0 · falliti 0
2026-10-02 20:40    |holdings-lgim| 
2026-10-02 20:40    |holdings-lgim| esito: con lista 46 (da top-10 a piena 0) · invariati 10 · senza mappa 0 · senza CSV 3 · sintetici (collaterale, saltati) 12 · falliti 0 · scritte 46
2026-10-02 20:47    |holdings-ubs| esito: con lista 320 (da top-10 a piena 174) · SOURCE_DEGRADED (veto) 0 · IDENTIFIER_MAPPING_MISSING 50 · SOURCE_EMPTY 52 · falliti 0 · scritte 320
2026-10-02 20:47    |holdings-ubs|   righe 127075 · con cedola 97/320 fondi · con scadenza 97/320 · perpetui (sentinella 2999, m non compilata) 281 · m_raw non ISO 0 · contrazioni fisiologiche 71 · Σ min 20.0215 max 100.7 · < 97: 60 · scadenza più lontana 2175-03-09 · date {"2026-09-30":311,"2026-02-27":3,"2025-03-25":2,"2025-02-18":2,"2026-03-04":2}
2026-10-02 20:50    |holdings-amundi| 
2026-10-02 20:50    |holdings-amundi| esito: con lista 423 (di cui da top-10 a lista piena 2) · invariati 240 · senza composizione 6 · falliti 0 · dichiarate≠ricevute 0 · scritte 423
2026-10-02 20:51    |holdings-franklin|   golden TREASURY BILL: 0 righe → cedola semantica 0 e scadenza ✗
2026-10-02 20:51    |holdings-franklin| ✗ GOLDEN raw/semantico VIOLATO
2026-10-02 20:51  !! HOLDINGS FRANKLIN: troppi falliti - vedi righe sopra
2026-10-02 20:51    |dividendi-vanguard| 
2026-10-02 20:51    |dividendi-vanguard| esito: ok 32 · senza distribuzioni 49 · falliti 0
2026-10-02 21:11    |dividendi-ishares| 
2026-10-02 21:11    |dividendi-ishares| esito: ok 377 · senza cedole 17 · falliti 0
2026-10-02 21:11    |dividendi-spdr| dalla più antica 2011-07-29 alla più recente 2026-10-01
2026-10-02 21:11    |dividendi-spdr| upsert completato: 1241 righe
2026-10-02 21:13    |dividendi-xtrackers| 
2026-10-02 21:13    |dividendi-xtrackers| esito: ok 103 (1637 cedole) · senza tabella 2 · falliti 0
2026-10-02 21:14    |dividendi-amundi| 
2026-10-02 21:14    |dividendi-amundi| esito: ok 210 (1702 cedole) · senza stacchi 457 · falliti 0
2026-10-02 21:14    |dividendi-ubs| 
2026-10-02 21:14    |dividendi-ubs| esito: ok 145 (2815 cedole) · senza stacchi 4 · falliti 0
2026-10-02 21:14    |dividendi-jpm| 
2026-10-02 21:14    |dividendi-jpm| esito: ok 16 (387 cedole) · senza stacchi 1 · falliti 0
2026-10-02 21:14    |dividendi-franklin| 
2026-10-02 21:14    |dividendi-franklin| esito: ok 7 (106 cedole) · senza stacchi 0 · falliti 0
2026-10-02 21:14    |dividendi-lgim| golden vs casa: combaciano 197 · scarti 0 · riconvertite (valuta di classe) 0 · nuove 6 · promosse {} · invariate 197
2026-10-02 21:14    |dividendi-lgim| scritte 6 · falliti 0
2026-10-02 21:14    |dividendi-invesco| DB: 0 cedole upsertate su 39 fondi
2026-10-02 21:14    |dividendi-invesco| esito: fondi con deduzione 104 · senza 1 · da scrivere 39 fondi / 459 cedole
2026-10-02 21:17    |dividendi-date-invesco| 
2026-10-02 21:17    |dividendi-date-invesco| esito: cedole aggiornate con date 0 · stacchi nuovi 0 · già complete 2248 · importi diversi (saltati) 0 · classi senza xlsx 0 · falliti 0 · scritte 0
2026-10-02 21:23    |bond-metrics-invesco-api| esito: letti 123 · senza duration nell'API 3 · falliti 0 · da scrivere 123 (di cui nuovi 0)
2026-10-02 21:23    |bond-metrics-invesco-api| scritte 123
2026-10-02 21:25    |bond-metrics-ubs-api| esito: letti 98 · senza Modified duration datata in pagina 12 · senza instId 1 · falliti 0 · da scrivere 37 (di cui nuovi 0)
2026-10-02 21:25    |bond-metrics-ubs-api| scritte 37
2026-10-02 21:25    |holdings-history| foto 2026-10-01 (COMMIT) · writer append-only · giorno 2: finestra dell'edizione APERTA
2026-10-02 21:25    |holdings-history| esito: 3046 fondi letti · 3046 fotografati · già presenti: 0 identiche, 0 col paniere andato avanti dopo la fotografia (la fotografia resta la prima), 0 ANOMALE
2026-10-02 21:25    |holdings-history| verifica: 3046 righe nella foto 2026-10-01
2026-10-02 21:25    |anteprima-cambi| fotografie mensili: 1 (2026-08) · ultima 2026-08 con 2822 fondi
2026-10-02 21:25    |anteprima-cambi| meno di 2 foto: niente email (giusto così)
2026-10-02 21:25    |edizione:gate| ✓ holdings-ishares: exit 0 · perimetro 912 = 896 fotografabili + 9 fondi_di_fondi + 0 senza_data + 7 falliti
2026-10-02 21:25    |edizione:apri| apertura: edizione 2026-10 aperta su baseline f0072cd62826… (manifest 8524814fbc69…)
2026-10-02 21:25    |edizione:apri|   stato: PREPARING
2026-10-02 21:26    |edizione:esporta| dichiarazioni ishares-api.json: perimetro 912 = 896 fotografabili + 9 fondi_di_fondi + 0 senza_data + 7 falliti
2026-10-02 21:26    |edizione:esporta|   fondi esportati: 3046
2026-10-02 21:26    |edizione:esporta|   /home/rebalix/backups/rebalix-edizioni/2026-10/esportazione/foto-dopo.tsv.gz · 65140267 B · sha256 776eb34ff0465abc2ff575158555797a3ac8c7fc848c3577dc8fc0208f972abc
2026-10-02 21:26    |edizione:esporta|   provenienza: /home/rebalix/backups/rebalix-edizioni/2026-10/esportazione/acquisizione.json (commit 104073d) · dichiarazioni: FONDO_DI_FONDI 9, DATA_NON_DISPONIBILE 0
2026-10-02 21:26    |edizione:congela-dopo| congelamento_dopo: 3046 fondi · 776eb34ff046… · acquisizione dal commit 104073d · stato FROZEN
2026-10-02 21:26    |edizione:confronta|   fondi: 1500/3046
2026-10-02 21:26    |edizione:confronta|   fondi: 2000/3046
2026-10-02 21:26    |edizione:confronta|   fondi: 2500/3046
2026-10-02 21:26    |edizione:confronta|   fondi: 3000/3046
2026-10-02 21:26    |edizione:confronta|   fondi: 3046/3046
2026-10-02 21:26    |edizione:confronta|   dettagli: 500/702
2026-10-02 21:26    |edizione:confronta|   dettagli: 702/702
2026-10-02 21:26    |edizione:confronta|   DB: edizione 2026-10 v1 COMPARED · 3046 verdetti · 702 dettagli · quadratura ok · testimone 4e49474d3873…
2026-10-02 21:26    |edizione:completa| completamento: baseline di 2026-11 congelata in /home/rebalix/backups/rebalix-baseline/2026-11 (3046 fondi, 776eb34ff046…) · stato COMPLETE
2026-10-02 21:26    |edizione:completa|   DB: edizione 2026-10 v1 COMPLETE · testimone 852305e72f3d…
2026-10-02 21:26    |foto-panieri| 2026-10-02 21:26:26 inizio foto panieri → /home/rebalix/backups/rebalix-holdings-foto/etf_holdings-2026-10-02
2026-10-02 21:26    |foto-panieri| 2026-10-02 21:26:45 fatto: 3047 righe, as_of 2018-08-24 → 2026-10-02, 66M dump + 65M tsv
2026-10-02 21:32    |riepilogo-panieri| 
2026-10-02 21:32    |riepilogo-panieri| esito: righe mensili 3046 · solo AUM (senza paniere) 107 · senza as_of 0 · falliti 0 · scritte 3153
2026-10-02 21:32    |riepilogo-panieri| ♻️  schede+cronologie rinfrescate (revalidate on-demand)
2026-10-02 21:33    |settori-paniere|   «Vendita al dettaglio di automobili» ×1 peso tot 4 [Franklin Templeton]
2026-10-02 21:33    |settori-paniere|   «Elettronica di consumo» ×2 peso tot 3 [Franklin Templeton]
2026-10-02 21:33    |temi|   Infrastrutture e risorse Minatori (oro, argento, rame)                  3
2026-10-02 21:33    |temi| esempi (golden per il confronto esterno): {"Alimentare e agricoltura":["DE000A0H08H3","IE00B5MTYL84","IE00B6R52143"],"Viaggi e tempo libero":["DE000A0H08S0","IE00B5MJYC95"],"Acqua":["FR0010527275","FR0011882364","FR0014002CH1","IE0007WJ6B10","IE000CFH1JX2"],"Energia pulita":["FR0010930644","IE00053WDH64","IE0008RX29L5","IE000DR59CI3","IE000JZYIUN0"],"Lusso":["FR001400S9V0","LU1681048630","LU1681048713"],"Legno e foreste":["IE0003ZXNJY5","IE00B27YCF74"],"Metaverso":["IE0004U3TX15","IE000RN58M26"],"Infrastrutture":["IE0005E47AH7","IE000CK5G8J7","IE000PTMIE90","IE000TCZMZM8","IE00B1FZS467"],"Minatori (oro, argento, rame)":["IE00063FT9K6","IE00B3CNHG25","LU2611731824"],"Cybersecurity":["IE00072RHT03","IE000SC8O430","IE000ST40PX8","IE00BG0J4841","IE00BG0J4C88"],"Difesa e aerospazio":["IE0008GRJRO8","IE000A9G9R73","IE000BRM9046","IE000IAXNM41","IE000U9ODG19"],"Uranio e nucleare":["IE000BMZP0I6"],"Intelligenza artificiale e robotica":["IE000G0E83X3","IE000IM4K4K2","IE000LGWDNE5","IE000Q9W2IR3","IE000X59ZHE2"],"Semiconduttori":["IE000I8KRLL9","LU1900066033","LU2090063327"],"Biotecnologie e genomica":["IE000KD0BZ68","IE00BDZVHG35","IE00BQ70R696","IE00BYXG2H39"],"Blockchain":["IE000RDRMSD1","IE00BGBN6P67"],"Digitale, cloud e internet":["IE000XOQ9TK4","IE00BF0M6N54","IE00BYZK4883","LU2023678878"],"Fintech":["IE000YDOORK7","IE00BYMS5W68"],"Mobilità del futuro e smart city":["IE00BGL86Z12","IE00BGV5VR99","IE00BKTLJB70","IE00BKTLJC87","LU2023679090"],"Dispositivi medici e innovazione sanitaria":["IE00BMX0DF60","IE00BYZK4776"],"Invecchiamento della popolazione":["IE00BYZK4669"],"Millennials":["LU2023678449"]}
2026-10-02 21:33    |esma-mmf| registro ESMA MMF: 674 fondi
2026-10-02 21:33    |esma-mmf| ISIN dichiarati: 2159 · record senza ISIN (match per nome): 146
2026-10-02 21:33    |esma-mmf| 
2026-10-02 21:33    |esma-mmf| incroci col censimento: 4 (4 Authorised) → lib/esma-mmf.json
2026-10-02 21:33    |esma-mmf|   ✓ LU3178805456  Standard VNAV · Authorised · match isin  «AMUNDI INDEX SOLUTIONS - AMUNDI EUR CASH ACTIVE»
2026-10-02 21:33    |esma-mmf|   ✓ IE000AFVKJZ0  Short-term VNAV · Authorised · match nome  «Vanguard EUR Cash UCITS ETF»
2026-10-02 21:33    |esma-mmf|   ✓ IE000JJPY166  Short-term VNAV · Authorised · match nome  «iShares EUR Cash UCITS ETF»
2026-10-02 21:33    |esma-mmf|   ✓ IE000SOORXS0  Short-term VNAV · Authorised · match nome  «Vanguard EUR Cash UCITS ETF»
2026-10-02 21:34    |esma-mmf| json committato · pull ok · push ok
2026-10-02 21:34    |golden-esterno| ↳ despike justETF su SWDA: 31 blip di 1 giorno ≥2 tick (prezzo 129.94, tick 0.01%) tolti dalla LORO serie
2026-10-02 21:34    |golden-esterno|   ↳ ultimo punto justETF su SWDA scartato: 2026-10-02 salta del 1.1% senza giorno successivo che lo confermi
2026-10-02 21:34    |golden-esterno| ✓ SWDA    1a +19.5%|+19.4% · YTD +16.0%|+15.9% · MAX +669.2%|+668.6% · DD -33.9%|-33.9%
2026-10-02 21:34    |golden-esterno|   ↳ despike justETF su VWCE: 8 blip di 1 giorno ≥2 tick (prezzo 170.98, tick 0.01%) tolti dalla LORO serie
2026-10-02 21:34    |golden-esterno|   ↳ ultimo punto justETF su VWCE scartato: 2026-10-02 salta del 1.1% senza giorno successivo che lo confermi
2026-10-02 21:34    |golden-esterno| ✓ VWCE    1a +21.1%|+20.9% · YTD +17.3%|+17.1% · MAX +136.6%|+136.2% · DD -33.5%|-33.5%
2026-10-02 21:34    |golden-esterno|   ↳ despike justETF su VNGA60: 36 blip di 1 giorno ≥2 tick (prezzo 37.19, tick 0.03%) tolti dalla LORO serie
2026-10-02 21:34    |golden-esterno| ✓ VNGA60  1a +11.0%|+10.8% · YTD +8.8%|+8.5% · MAX +48.0%|+48.2% · DD -15.2%|-15.4%
2026-10-02 21:34    |golden-esterno|   ↳ despike justETF su VAGF: 92 blip di 1 giorno ≥2 tick (prezzo 23.04, tick 0.04%) tolti dalla LORO serie
2026-10-02 21:34    |golden-esterno| ✓ VAGF    1a -3.1%|-3.2% · YTD -3.3%|-3.4% · MAX -8.1%|-8.3% · DD -19.6%|-19.5%
2026-10-02 21:34    |golden-esterno|   ↳ despike justETF su AGGH: 34 blip di 1 giorno ≥2 tick (prezzo 4.81, tick 0.21%) tolti dalla LORO serie
2026-10-02 21:34    |golden-esterno| ✓ AGGH    1a -2.4%|-2.6% · YTD -2.6%|-2.8% · MAX -4.0%|-4.2% · DD -17.8%|-17.8%
2026-10-02 21:34    |golden-esterno|   ↳ despike justETF su SGLN: 37 blip di 1 giorno ≥2 tick (prezzo 71.36, tick 0.01%) tolti dalla LORO serie
2026-10-02 21:34    |golden-esterno| ✓ SGLN    1a +12.7%|+13.1% · YTD +0.1%|+0.5% · MAX +249.2%|+251.7% · DD -37.4%|-37.2%
2026-10-02 21:34    |golden-esterno|   ↳ despike justETF su ORO-AM: 8 blip di 1 giorno ≥2 tick (prezzo 145.68, tick 0.01%) tolti dalla LORO serie
2026-10-02 21:34    |golden-esterno| ✓ ORO-AM  1a +12.5%|+12.5% · YTD +0.2%|+0.2% · MAX +219.8%|+216.0% · DD -23.4%|-23.4%
2026-10-02 21:34    |golden-esterno| 
2026-10-02 21:34    |golden-esterno| golden esterno ✓ (metriche entro tolleranza sul roster)
2026-10-02 21:34  [heartbeat] inviato (200)
